siteID,plotID,plotType,nlcdClass,elevation,collectDate,eventID,sampleID,samplingMethod,adultCount,nymphCount,larvaCount
HARV,HARV_022,distributed,evergreenForest,185.9,2016-04-14T16:30:00Z,HARV.2016.15,NA,drag,0,0,0
HARV,HARV_006,distributed,deciduousForest,190.8,2016-04-14T17:19:00Z,HARV.2016.15,NA,drag,0,0,0
HARV,HARV_026,distributed,evergreenForest,187.3,2016-04-14T18:02:00Z,HARV.2016.15,NA,drag and flag,0,0,0
HARV,HARV_004,distributed,mixedForest,182.6,2016-04-14T18:43:00Z,HARV.2016.15,HARV_004.20160414,drag and flag,2,0,0
HARV,HARV_001,distributed,deciduousForest,202.1,2016-04-15T13:36:00Z,HARV.2016.15,NA,drag and flag,0,0,0
HARV,HARV_020,distributed,woodyWetlands,228.3,2016-04-15T14:40:00Z,HARV.2016.15,NA,drag and flag,0,0,0
HARV,HARV_022,distributed,evergreenForest,185.9,2016-06-16T13:24:00Z,HARV.2016.24,HARV_022.20160616,drag and flag,0,5,0
HARV,HARV_004,distributed,mixedForest,182.6,2016-06-16T14:28:00Z,HARV.2016.24,HARV_004.20160616,drag and flag,0,9,6
HARV,HARV_020,distributed,woodyWetlands,228.3,2016-06-16T15:39:00Z,HARV.2016.24,HARV_020.20160616,drag and flag,0,4,0
HARV,HARV_026,distributed,evergreenForest,187.3,2016-06-16T16:25:00Z,HARV.2016.24,HARV_026.20160616,drag and flag,0,1,162
HARV,HARV_006,distributed,deciduousForest,190.8,2016-06-16T17:25:00Z,HARV.2016.24,HARV_006.20160616,drag and flag,0,0,1
HARV,HARV_001,distributed,deciduousForest,202.1,2016-06-16T18:21:00Z,HARV.2016.24,HARV_001.20160616,drag and flag,0,4,5
HARV,HARV_022,distributed,evergreenForest,185.9,2016-07-07T12:33:00Z,HARV.2016.27,HARV_022.20160707,drag and flag,0,5,0
HARV,HARV_001,distributed,deciduousForest,202.1,2016-07-07T14:11:00Z,HARV.2016.27,HARV_001.20160707,drag and flag,0,2,0
HARV,HARV_020,distributed,woodyWetlands,228.3,2016-07-07T15:28:00Z,HARV.2016.27,HARV_020.20160707,drag and flag,1,6,0
HARV,HARV_004,distributed,mixedForest,182.6,2016-07-07T16:24:00Z,HARV.2016.27,HARV_004.20160707,drag and flag,1,3,0
HARV,HARV_026,distributed,evergreenForest,187.3,2016-07-07T17:14:00Z,HARV.2016.27,HARV_026.20160707,drag and flag,3,1,0
HARV,HARV_006,distributed,deciduousForest,190.8,2016-07-07T18:09:00Z,HARV.2016.27,HARV_006.20160707,drag and flag,1,0,0
HARV,HARV_022,distributed,evergreenForest,185.9,2016-07-27T12:30:00Z,HARV.2016.30,HARV_022.20160727,drag and flag,0,1,0
HARV,HARV_004,distributed,mixedForest,182.6,2016-07-27T13:35:00Z,HARV.2016.30,HARV_004.20160727,drag and flag,0,1,0
HARV,HARV_020,distributed,woodyWetlands,228.3,2016-07-27T14:17:00Z,HARV.2016.30,NA,drag and flag,0,0,0
HARV,HARV_001,distributed,deciduousForest,202.1,2016-07-27T15:54:00Z,HARV.2016.30,NA,drag and flag,0,0,0
HARV,HARV_006,distributed,deciduousForest,190.8,2016-07-27T16:55:00Z,HARV.2016.30,NA,drag and flag,0,0,0
HARV,HARV_026,distributed,evergreenForest,187.3,2016-07-27T17:30:00Z,HARV.2016.30,NA,drag and flag,0,0,0
HARV,HARV_022,distributed,evergreenForest,185.9,2016-05-06T15:17:00Z,HARV.2016.18,HARV_022.20160506,drag and flag,1,0,0
HARV,HARV_004,distributed,mixedForest,182.6,2016-05-06T16:30:00Z,HARV.2016.18,HARV_004.20160506,drag and flag,1,0,0
HARV,HARV_020,distributed,woodyWetlands,228.3,2016-05-06T17:09:00Z,HARV.2016.18,NA,drag and flag,0,0,0
HARV,HARV_026,distributed,evergreenForest,187.3,2016-05-06T17:50:00Z,HARV.2016.18,NA,drag and flag,0,0,0
HARV,HARV_006,distributed,deciduousForest,190.8,2016-05-10T13:54:00Z,HARV.2016.19,NA,drag and flag,0,0,0
HARV,HARV_001,distributed,deciduousForest,202.1,2016-05-10T15:15:00Z,HARV.2016.19,NA,drag and flag,0,0,0
HARV,HARV_022,distributed,evergreenForest,185.9,2016-05-26T13:19:00Z,HARV.2016.21,HARV_022.20160526,drag and flag,0,10,0
HARV,HARV_004,distributed,mixedForest,182.6,2016-05-26T14:20:00Z,HARV.2016.21,HARV_004.20160526,drag and flag,1,8,0
HARV,HARV_020,distributed,woodyWetlands,228.3,2016-05-26T15:17:00Z,HARV.2016.21,HARV_020.20160526,drag and flag,1,4,0
HARV,HARV_001,distributed,deciduousForest,202.1,2016-05-26T16:38:00Z,HARV.2016.21,HARV_001.20160526,drag and flag,0,6,2
HARV,HARV_006,distributed,deciduousForest,190.8,2016-05-26T17:25:00Z,HARV.2016.21,HARV_006.20160526,drag and flag,0,0,13
HARV,HARV_026,distributed,evergreenForest,187.3,2016-05-26T18:04:00Z,HARV.2016.21,HARV_026.20160526,drag and flag,0,1,5
HARV,HARV_006,distributed,deciduousForest,190.8,2016-08-18T13:11:00Z,HARV.2016.33,HARV_006.20160818,drag and flag,0,0,6
HARV,HARV_026,distributed,evergreenForest,187.3,2016-08-18T13:56:00Z,HARV.2016.33,HARV_026.20160818,drag and flag,0,2,0
HARV,HARV_001,distributed,deciduousForest,202.1,2016-08-18T15:00:00Z,HARV.2016.33,HARV_001.20160818,drag and flag,0,1,80
HARV,HARV_020,distributed,woodyWetlands,228.3,2016-08-18T17:00:00Z,HARV.2016.33,HARV_020.20160818,drag and flag,0,1,5
HARV,HARV_004,distributed,mixedForest,182.6,2016-08-18T17:40:00Z,HARV.2016.33,HARV_004.20160818,drag and flag,0,1,5
HARV,HARV_022,distributed,evergreenForest,185.9,2016-08-18T18:26:00Z,HARV.2016.33,HARV_022.20160818,drag and flag,0,2,452
HARV,HARV_022,distributed,evergreenForest,185.9,2016-09-08T12:25:00Z,HARV.2016.36,NA,drag,0,0,0
HARV,HARV_006,distributed,deciduousForest,190.8,2016-09-08T13:39:00Z,HARV.2016.36,NA,drag,0,0,0
HARV,HARV_026,distributed,evergreenForest,187.3,2016-09-08T14:15:00Z,HARV.2016.36,NA,drag and flag,0,0,0
HARV,HARV_001,distributed,deciduousForest,202.1,2016-09-08T15:53:00Z,HARV.2016.36,NA,drag,0,0,0
HARV,HARV_004,distributed,mixedForest,182.6,2016-09-08T17:00:00Z,HARV.2016.36,NA,drag,0,0,0
HARV,HARV_020,distributed,woodyWetlands,228.3,2016-09-08T17:53:00Z,HARV.2016.36,HARV_020.20160908,drag,0,1,0
HARV,HARV_022,distributed,evergreenForest,185.9,2016-09-29T12:17:00Z,HARV.2016.39,NA,drag and flag,0,0,0
HARV,HARV_004,distributed,mixedForest,182.6,2016-09-29T13:12:00Z,HARV.2016.39,NA,drag and flag,0,0,0
HARV,HARV_020,distributed,woodyWetlands,228.3,2016-09-29T13:49:00Z,HARV.2016.39,NA,drag and flag,0,0,0
HARV,HARV_001,distributed,deciduousForest,202.1,2016-09-29T14:36:00Z,HARV.2016.39,NA,drag and flag,0,0,0
HARV,HARV_026,distributed,evergreenForest,187.3,2016-09-29T15:19:00Z,HARV.2016.39,NA,drag and flag,0,0,0
HARV,HARV_006,distributed,deciduousForest,190.8,2016-09-29T15:49:00Z,HARV.2016.39,NA,drag and flag,0,0,0
HARV,HARV_004,distributed,mixedForest,182.6,2016-10-26T12:15:00Z,HARV.2016.43,HARV_004.20161026,drag,1,0,0
HARV,HARV_020,distributed,woodyWetlands,228.3,2016-10-26T13:20:00Z,HARV.2016.43,NA,drag,0,0,0
HARV,HARV_026,distributed,evergreenForest,187.3,2016-10-26T14:30:00Z,HARV.2016.43,NA,drag and flag,0,0,0
HARV,HARV_006,distributed,deciduousForest,190.8,2016-10-26T15:30:00Z,HARV.2016.43,HARV_006.20161026,drag,0,98,0
HARV,HARV_001,distributed,deciduousForest,202.1,2016-10-26T17:00:00Z,HARV.2016.43,NA,drag,0,0,0
HARV,HARV_022,distributed,evergreenForest,185.9,2016-10-26T18:15:00Z,HARV.2016.43,NA,drag,0,0,0
HARV,HARV_004,distributed,mixedForest,182.6,2016-11-07T14:52:00Z,HARV.2016.45,HARV_004.20161107,drag,2,0,0
HARV,HARV_020,distributed,woodyWetlands,228.3,2016-11-07T15:50:00Z,HARV.2016.45,NA,drag,0,0,0
HARV,HARV_026,distributed,evergreenForest,187.3,2016-11-07T16:44:00Z,HARV.2016.45,HARV_026.20161107,drag and flag,3,1,0
HARV,HARV_006,distributed,deciduousForest,190.8,2016-11-07T17:40:00Z,HARV.2016.45,HARV_006.20161107,drag,0,0,45
HARV,HARV_001,distributed,deciduousForest,202.1,2016-11-07T19:00:00Z,HARV.2016.45,NA,drag,0,0,0
HARV,HARV_022,distributed,evergreenForest,185.9,2016-11-07T20:10:00Z,HARV.2016.45,NA,drag and flag,0,0,0
HARV,HARV_022,distributed,evergreenForest,185.9,2017-04-17T13:20:00Z,HARV.2017.16,NA,drag,0,0,0
HARV,HARV_006,distributed,deciduousForest,190.8,2017-04-17T14:53:00Z,HARV.2017.16,HARV_006.20170417,drag,0,1,0
HARV,HARV_026,distributed,evergreenForest,187.3,2017-04-17T16:34:00Z,HARV.2017.16,NA,drag and flag,0,0,0
HARV,HARV_001,distributed,deciduousForest,202.1,2017-04-17T18:34:00Z,HARV.2017.16,NA,drag and flag,0,0,0
HARV,HARV_004,distributed,mixedForest,182.6,2017-04-18T16:59:00Z,HARV.2017.16,NA,drag,0,0,0
HARV,HARV_020,distributed,woodyWetlands,228.3,2017-04-18T18:17:00Z,HARV.2017.16,HARV_020.20170418,drag and flag,1,1,0
HARV,HARV_020,distributed,woodyWetlands,228.3,2017-06-02T13:32:00Z,HARV.2017.23,HARV_020.20170602,drag and flag,2,0,0
HARV,HARV_022,distributed,evergreenForest,185.9,2017-06-02T14:40:00Z,HARV.2017.23,HARV_022.20170602,drag and flag,1,0,2
HARV,HARV_006,distributed,deciduousForest,190.8,2017-06-20T16:19:00Z,HARV.2017.26,NA,drag,0,0,0
HARV,HARV_026,distributed,evergreenForest,187.3,2017-06-20T17:16:00Z,HARV.2017.26,HARV_026.20170620,drag and flag,1,0,0
HARV,HARV_022,distributed,evergreenForest,185.9,2017-06-22T14:18:00Z,HARV.2017.26,HARV_022.20170622,drag and flag,1,6,0
HARV,HARV_001,distributed,deciduousForest,202.1,2017-06-22T15:53:00Z,HARV.2017.26,HARV_001.20170622,drag and flag,1,12,0
HARV,HARV_004,distributed,mixedForest,182.6,2017-06-22T17:32:00Z,HARV.2017.26,HARV_004.20170622,drag,1,6,0
HARV,HARV_020,distributed,woodyWetlands,228.3,2017-06-22T18:41:00Z,HARV.2017.26,HARV_020.20170622,drag,4,2,0
HARV,HARV_022,distributed,evergreenForest,185.9,2017-05-08T14:24:00Z,HARV.2017.20,HARV_022.20170508,drag,0,4,0
HARV,HARV_006,distributed,deciduousForest,190.8,2017-05-08T16:31:00Z,HARV.2017.20,NA,drag,0,0,0
HARV,HARV_026,distributed,evergreenForest,187.3,2017-05-08T17:48:00Z,HARV.2017.20,HARV_026.20170508,drag and flag,2,1,0
HARV,HARV_020,distributed,woodyWetlands,228.3,2017-05-09T13:29:00Z,HARV.2017.20,HARV_020.20170509,drag,3,1,0
HARV,HARV_004,distributed,mixedForest,182.6,2017-05-09T14:58:00Z,HARV.2017.20,HARV_004.20170509,drag,5,1,0
HARV,HARV_001,distributed,deciduousForest,202.1,2017-05-09T16:35:00Z,HARV.2017.20,HARV_001.20170509,drag and flag,1,0,0
HARV,HARV_006,distributed,deciduousForest,190.8,2017-05-30T14:32:00Z,HARV.2017.23,HARV_006.20170530,drag,0,1,0
HARV,HARV_026,distributed,evergreenForest,187.3,2017-05-30T15:46:00Z,HARV.2017.23,HARV_026.20170530,drag and flag,3,0,0
HARV,HARV_001,distributed,deciduousForest,202.1,2017-05-30T17:05:00Z,HARV.2017.23,HARV_001.20170530,drag,3,17,0
HARV,HARV_004,distributed,mixedForest,182.6,2017-05-30T18:52:00Z,HARV.2017.23,HARV_004.20170530,drag and flag,0,9,0
HARV,HARV_020,distributed,woodyWetlands,228.3,2017-07-10T06:42:00Z,HARV.2017.29,HARV_020.20170710,drag and flag,2,3,0
HARV,HARV_022,distributed,evergreenForest,185.9,2017-07-10T12:12:00Z,HARV.2017.29,HARV_022.20170710,drag and flag,0,7,3
HARV,HARV_006,distributed,deciduousForest,190.8,2017-07-10T14:00:00Z,HARV.2017.29,HARV_006.20170710,drag and flag,1,2,0
HARV,HARV_026,distributed,evergreenForest,187.3,2017-07-10T15:03:00Z,HARV.2017.29,HARV_026.20170710,drag and flag,1,2,0
HARV,HARV_001,distributed,deciduousForest,202.1,2017-07-10T16:30:00Z,HARV.2017.29,HARV_001.20170710,drag and flag,1,9,0
HARV,HARV_004,distributed,mixedForest,182.6,2017-07-10T17:40:00Z,HARV.2017.29,HARV_004.20170710,drag and flag,1,6,0
HARV,HARV_022,distributed,evergreenForest,185.9,2017-07-31T13:53:00Z,HARV.2017.32,HARV_022.20170731,drag and flag,0,2,0
HARV,HARV_020,distributed,woodyWetlands,228.3,2017-07-31T15:07:00Z,HARV.2017.32,HARV_020.20170731,drag,2,3,0
HARV,HARV_004,distributed,mixedForest,182.6,2017-07-31T16:05:00Z,HARV.2017.32,HARV_004.20170731,drag,1,2,0
HARV,HARV_001,distributed,deciduousForest,202.1,2017-07-31T17:08:00Z,HARV.2017.32,HARV_001.20170731,drag and flag,0,6,0
HARV,HARV_006,distributed,deciduousForest,190.8,2017-08-01T12:29:00Z,HARV.2017.32,HARV_006.20170801,drag and flag,0,3,0
HARV,HARV_026,distributed,evergreenForest,187.3,2017-08-01T13:35:00Z,HARV.2017.32,HARV_026.20170801,drag and flag,0,2,0
HARV,HARV_022,distributed,evergreenForest,185.9,2017-08-21T12:12:00Z,HARV.2017.35,HARV_022.20170821,drag and flag,0,3,0
HARV,HARV_006,distributed,deciduousForest,190.8,2017-08-21T13:29:00Z,HARV.2017.35,HARV_006.20170821,drag and flag,0,0,40
HARV,HARV_026,distributed,evergreenForest,187.3,2017-08-21T14:32:00Z,HARV.2017.35,HARV_026.20170821,drag and flag,0,0,42
HARV,HARV_001,distributed,deciduousForest,202.1,2017-08-21T15:29:00Z,HARV.2017.35,HARV_001.20170821,drag and flag,0,2,13
HARV,HARV_004,distributed,mixedForest,182.6,2017-08-21T16:31:00Z,HARV.2017.35,HARV_004.20170821,drag and flag,0,0,6
HARV,HARV_020,distributed,woodyWetlands,228.3,2017-08-21T17:30:00Z,HARV.2017.35,HARV_020.20170821,drag and flag,0,1,1
HARV,HARV_006,distributed,deciduousForest,190.8,2017-09-12T12:30:00Z,HARV.2017.38,HARV_006.20170912,drag and flag,0,0,299
HARV,HARV_026,distributed,evergreenForest,187.3,2017-09-12T14:30:00Z,HARV.2017.38,HARV_026.20170912,drag and flag,0,0,27
HARV,HARV_001,distributed,deciduousForest,202.1,2017-09-12T16:52:00Z,HARV.2017.38,HARV_001.20170912,drag and flag,0,0,13
HARV,HARV_020,distributed,woodyWetlands,228.3,2017-09-12T18:23:00Z,HARV.2017.38,HARV_020.20170912,drag and flag,0,1,6
HARV,HARV_004,distributed,mixedForest,182.6,2017-09-13T16:26:00Z,HARV.2017.38,HARV_004.20170913,drag and flag,0,2,16
HARV,HARV_022,distributed,evergreenForest,185.9,2017-09-13T20:35:00Z,HARV.2017.38,HARV_022.20170913,drag and flag,0,0,45
HARV,HARV_022,distributed,evergreenForest,185.9,2017-10-02T13:50:00Z,HARV.2017.41,HARV_022.20171002,drag and flag,0,0,3
HARV,HARV_006,distributed,deciduousForest,190.8,2017-10-02T14:50:00Z,HARV.2017.41,HARV_006.20171002,drag,0,0,34
HARV,HARV_026,distributed,evergreenForest,187.3,2017-10-02T15:32:00Z,HARV.2017.41,HARV_026.20171002,drag and flag,0,0,1
HARV,HARV_001,distributed,deciduousForest,202.1,2017-10-02T16:22:00Z,HARV.2017.41,HARV_001.20171002,drag and flag,0,1,0
HARV,HARV_004,distributed,mixedForest,182.6,2017-10-02T17:09:00Z,HARV.2017.41,HARV_004.20171002,drag and flag,0,1,0
HARV,HARV_020,distributed,woodyWetlands,228.3,2017-10-02T17:39:00Z,HARV.2017.41,HARV_020.20171002,drag and flag,0,1,0
HARV,HARV_001,distributed,deciduousForest,202.1,2018-04-23T15:59:00Z,HARV.2018.17,HARV_001.20180423,drag and flag,1,0,0
HARV,HARV_026,distributed,evergreenForest,187.3,2018-04-23T17:28:00Z,HARV.2018.17,HARV_026.20180423,drag and flag,1,0,0
HARV,HARV_006,distributed,deciduousForest,190.8,2018-04-23T18:09:00Z,HARV.2018.17,HARV_006.20180423,drag and flag,2,0,0
HARV,HARV_004,distributed,mixedForest,182.6,2018-04-23T19:03:00Z,HARV.2018.17,NA,drag,0,0,0
HARV,HARV_002,distributed,deciduousForest,187.7,2018-04-24T12:32:00Z,HARV.2018.17,HARV_002.20180424,drag and flag,5,0,0
HARV,HARV_022,distributed,evergreenForest,185.9,2018-04-24T14:49:00Z,HARV.2018.17,NA,drag and flag,0,0,0
HARV,HARV_022,distributed,evergreenForest,185.9,2018-05-14T15:20:00Z,HARV.2018.20,HARV_022.20180514,drag and flag,1,3,1
HARV,HARV_006,distributed,deciduousForest,190.8,2018-05-14T16:55:00Z,HARV.2018.20,HARV_006.20180514,drag and flag,2,0,0
HARV,HARV_026,distributed,evergreenForest,187.3,2018-05-14T17:44:00Z,HARV.2018.20,HARV_026.20180514,drag and flag,2,0,0
HARV,HARV_001,distributed,deciduousForest,202.1,2018-05-14T18:39:00Z,HARV.2018.20,HARV_001.20180514,drag and flag,1,0,0
HARV,HARV_004,distributed,mixedForest,182.6,2018-05-15T15:14:00Z,HARV.2018.20,HARV_004.20180515,drag and flag,3,0,0
HARV,HARV_002,distributed,deciduousForest,187.7,2018-05-16T19:26:00Z,HARV.2018.20,HARV_002.20180516,drag and flag,3,0,0
HARV,HARV_022,distributed,evergreenForest,185.9,2018-06-06T13:11:00Z,HARV.2018.23,HARV_022.20180606,drag and flag,3,9,34
HARV,HARV_006,distributed,deciduousForest,190.8,2018-06-06T15:15:00Z,HARV.2018.23,HARV_006.20180606,drag and flag,3,2,3
HARV,HARV_026,distributed,evergreenForest,187.3,2018-06-06T16:26:00Z,HARV.2018.23,HARV_026.20180606,drag and flag,0,1,20
HARV,HARV_001,distributed,deciduousForest,202.1,2018-06-06T17:48:00Z,HARV.2018.23,HARV_001.20180606,drag and flag,3,1,1
HARV,HARV_004,distributed,mixedForest,182.6,2018-06-06T19:06:00Z,HARV.2018.23,HARV_004.20180606,drag and flag,2,0,0
HARV,HARV_002,distributed,deciduousForest,187.7,2018-06-07T13:54:00Z,HARV.2018.23,HARV_002.20180607,drag and flag,8,0,0
HARV,HARV_001,distributed,deciduousForest,202.1,2018-06-25T15:31:00Z,HARV.2018.26,HARV_001.20180625,drag and flag,0,1,0
HARV,HARV_006,distributed,deciduousForest,190.8,2018-06-25T16:57:00Z,HARV.2018.26,HARV_006.20180625,drag and flag,0,1,0
HARV,HARV_022,distributed,evergreenForest,185.9,2018-06-25T18:08:00Z,HARV.2018.26,HARV_022.20180625,drag and flag,0,9,4
HARV,HARV_002,distributed,deciduousForest,187.7,2018-06-26T14:03:00Z,HARV.2018.26,HARV_002.20180626,drag and flag,3,3,7
HARV,HARV_004,distributed,mixedForest,182.6,2018-06-26T15:17:00Z,HARV.2018.26,HARV_004.20180626,drag and flag,1,1,0
HARV,HARV_026,distributed,evergreenForest,187.3,2018-06-27T19:23:00Z,HARV.2018.26,HARV_026.20180627,drag and flag,4,2,0
HARV,HARV_002,distributed,deciduousForest,187.7,2018-07-16T13:13:00Z,HARV.2018.29,HARV_002.20180716,drag and flag,1,7,1
HARV,HARV_001,distributed,deciduousForest,202.1,2018-07-16T15:03:00Z,HARV.2018.29,HARV_001.20180716,drag and flag,0,4,0
HARV,HARV_006,distributed,deciduousForest,190.8,2018-07-16T16:11:00Z,HARV.2018.29,HARV_006.20180716,drag and flag,2,0,0
HARV,HARV_026,distributed,evergreenForest,187.3,2018-07-16T17:01:00Z,HARV.2018.29,HARV_026.20180716,drag and flag,1,3,0
HARV,HARV_004,distributed,mixedForest,182.6,2018-07-16T17:55:00Z,HARV.2018.29,HARV_004.20180716,drag and flag,1,2,0
HARV,HARV_022,distributed,evergreenForest,185.9,2018-07-16T18:58:00Z,HARV.2018.29,HARV_022.20180716,drag and flag,0,9,1
HARV,HARV_006,distributed,deciduousForest,190.8,2018-08-07T13:22:00Z,HARV.2018.32,NA,drag and flag,0,0,0
HARV,HARV_026,distributed,evergreenForest,187.3,2018-08-07T14:07:00Z,HARV.2018.32,HARV_026.20180807,drag and flag,1,0,0
HARV,HARV_001,distributed,deciduousForest,202.1,2018-08-07T15:09:00Z,HARV.2018.32,HARV_001.20180807,drag and flag,0,3,0
HARV,HARV_004,distributed,mixedForest,182.6,2018-08-07T16:35:00Z,HARV.2018.32,NA,drag,0,0,0
HARV,HARV_022,distributed,evergreenForest,185.9,2018-08-07T17:33:00Z,HARV.2018.32,HARV_022.20180807,drag and flag,0,6,0
HARV,HARV_002,distributed,deciduousForest,187.7,2018-08-08T18:49:00Z,HARV.2018.32,HARV_002.20180808,drag and flag,1,0,0
HARV,HARV_002,distributed,deciduousForest,187.7,2018-08-27T14:25:00Z,HARV.2018.35,HARV_002.20180827,drag and flag,0,3,93
HARV,HARV_004,distributed,mixedForest,182.6,2018-08-27T16:44:00Z,HARV.2018.35,HARV_004.20180827,drag and flag,0,0,10
HARV,HARV_026,distributed,evergreenForest,187.3,2018-08-27T17:53:00Z,HARV.2018.35,HARV_026.20180827,drag and flag,0,3,33
HARV,HARV_006,distributed,deciduousForest,190.8,2018-08-27T18:53:00Z,HARV.2018.35,HARV_006.20180827,drag and flag,0,0,55
HARV,HARV_022,distributed,evergreenForest,185.9,2018-08-28T12:38:00Z,HARV.2018.35,HARV_022.20180828,drag and flag,2,2,231
HARV,HARV_001,distributed,deciduousForest,202.1,2018-08-28T15:16:00Z,HARV.2018.35,HARV_001.20180828,drag and flag,0,1,0
HARV,HARV_022,distributed,evergreenForest,185.9,2019-04-22T13:53:00Z,HARV.2019.17,NA,drag and flag,NA,NA,NA
HARV,HARV_026,distributed,evergreenForest,187.3,2019-04-22T16:03:00Z,HARV.2019.17,HARV_026.20190422,drag and flag,NA,NA,NA
HARV,HARV_006,distributed,deciduousForest,190.8,2019-04-24T17:52:00Z,HARV.2019.17,NA,drag and flag,NA,NA,NA
HARV,HARV_001,distributed,deciduousForest,202.1,2019-04-25T14:21:00Z,HARV.2019.17,NA,drag and flag,NA,NA,NA
HARV,HARV_022,distributed,evergreenForest,185.9,2018-09-17T12:34:00Z,HARV.2018.38,HARV_022.20180917,drag and flag,0,1,32
HARV,HARV_006,distributed,deciduousForest,190.8,2018-09-17T14:08:00Z,HARV.2018.38,HARV_006.20180917,drag and flag,0,0,34
HARV,HARV_026,distributed,evergreenForest,187.3,2018-09-17T15:24:00Z,HARV.2018.38,HARV_026.20180917,drag and flag,0,0,7
HARV,HARV_001,distributed,deciduousForest,202.1,2018-09-17T16:46:00Z,HARV.2018.38,HARV_001.20180917,drag and flag,0,0,2
HARV,HARV_004,distributed,mixedForest,182.6,2018-09-17T17:58:00Z,HARV.2018.38,HARV_004.20180917,drag and flag,0,1,22
HARV,HARV_002,distributed,deciduousForest,187.7,2018-09-20T14:10:00Z,HARV.2018.38,HARV_002.20180920,drag and flag,0,2,37
HARV,HARV_022,distributed,evergreenForest,185.9,2019-05-15T15:20:00Z,HARV.2019.20,NA,drag and flag,NA,NA,NA
HARV,HARV_026,distributed,evergreenForest,187.3,2019-05-15T16:21:00Z,HARV.2019.20,HARV_026.20190515,drag and flag,NA,NA,NA
HARV,HARV_001,distributed,deciduousForest,202.1,2019-05-15T17:34:00Z,HARV.2019.20,NA,drag and flag,NA,NA,NA
HARV,HARV_006,distributed,deciduousForest,190.8,2019-05-15T17:35:00Z,HARV.2019.20,HARV_006.20190515,drag and flag,NA,NA,NA
HARV,HARV_004,distributed,mixedForest,182.6,2019-05-15T19:00:00Z,HARV.2019.20,HARV_004.20190515,drag and flag,NA,NA,NA
HARV,HARV_006,distributed,deciduousForest,190.8,2019-07-15T14:59:00Z,HARV.2019.29,HARV_006.20190715,drag and flag,NA,NA,NA
HARV,HARV_026,distributed,evergreenForest,187.3,2019-07-15T17:42:00Z,HARV.2019.29,HARV_026.20190715,drag and flag,NA,NA,NA
HARV,HARV_022,distributed,evergreenForest,185.9,2019-07-16T12:31:00Z,HARV.2019.29,HARV_022.20190716,drag and flag,NA,NA,NA
HARV,HARV_001,distributed,deciduousForest,202.1,2019-07-16T14:48:00Z,HARV.2019.29,HARV_001.20190716,drag and flag,NA,NA,NA
HARV,HARV_004,distributed,mixedForest,182.6,2019-07-16T16:57:00Z,HARV.2019.29,HARV_004.20190716,drag and flag,NA,NA,NA
HARV,HARV_002,distributed,deciduousForest,187.7,2019-07-16T18:50:00Z,HARV.2019.29,HARV_002.20190716,drag and flag,NA,NA,NA
HARV,HARV_022,distributed,evergreenForest,185.9,2019-06-04T13:31:00Z,HARV.2019.23,HARV_022.20190604,drag,NA,NA,NA
HARV,HARV_004,distributed,mixedForest,182.6,2019-06-04T15:31:00Z,HARV.2019.23,HARV_004.20190604,drag and flag,NA,NA,NA
HARV,HARV_006,distributed,deciduousForest,190.8,2019-06-04T17:44:00Z,HARV.2019.23,HARV_006.20190604,drag,NA,NA,NA
HARV,HARV_026,distributed,evergreenForest,187.3,2019-06-04T19:05:00Z,HARV.2019.23,HARV_026.20190604,drag and flag,NA,NA,NA
HARV,HARV_001,distributed,deciduousForest,202.1,2019-06-05T12:45:00Z,HARV.2019.23,NA,drag and flag,NA,NA,NA
HARV,HARV_002,distributed,deciduousForest,187.7,2019-06-05T15:11:00Z,HARV.2019.23,HARV_002.20190605,drag and flag,NA,NA,NA
HARV,HARV_002,distributed,deciduousForest,187.7,2019-06-24T14:00:00Z,HARV.2019.26,HARV_002.20190624,drag,NA,NA,NA
HARV,HARV_004,distributed,mixedForest,182.6,2019-06-24T15:55:00Z,HARV.2019.26,HARV_004.20190624,drag,NA,NA,NA
HARV,HARV_001,distributed,deciduousForest,202.1,2019-06-24T17:34:00Z,HARV.2019.26,HARV_001.20190624,drag,NA,NA,NA
HARV,HARV_006,distributed,deciduousForest,190.8,2019-06-24T18:51:00Z,HARV.2019.26,HARV_006.20190624,drag,NA,NA,NA
HARV,HARV_026,distributed,evergreenForest,187.3,2019-06-24T19:31:00Z,HARV.2019.26,HARV_026.20190624,drag,NA,NA,NA
HARV,HARV_022,distributed,evergreenForest,185.9,2019-06-24T20:26:00Z,HARV.2019.26,HARV_022.20190624,drag,NA,NA,NA
HARV,HARV_006,distributed,deciduousForest,190.8,2019-08-05T13:05:00Z,HARV.2019.32,HARV_006.20190805,drag,NA,NA,NA
HARV,HARV_026,distributed,evergreenForest,187.3,2019-08-05T15:01:00Z,HARV.2019.32,HARV_026.20190805,drag,NA,NA,NA
HARV,HARV_022,distributed,evergreenForest,185.9,2019-08-05T17:27:00Z,HARV.2019.32,HARV_022.20190805,drag,NA,NA,NA
HARV,HARV_001,distributed,deciduousForest,202.1,2019-08-06T13:45:00Z,HARV.2019.32,HARV_001.20190806,drag,NA,NA,NA
HARV,HARV_004,distributed,mixedForest,182.6,2019-08-06T16:32:00Z,HARV.2019.32,HARV_004.20190806,drag,NA,NA,NA
HARV,HARV_002,distributed,deciduousForest,187.7,2019-08-06T19:42:00Z,HARV.2019.32,HARV_002.20190806,drag,NA,NA,NA
HARV,HARV_022,distributed,evergreenForest,185.9,2019-08-26T06:07:00Z,HARV.2019.35,HARV_022.20190826,drag,NA,NA,NA
HARV,HARV_002,distributed,deciduousForest,187.7,2019-08-26T14:40:00Z,HARV.2019.35,HARV_002.20190826,drag,NA,NA,NA
HARV,HARV_004,distributed,mixedForest,182.6,2019-08-26T16:55:00Z,HARV.2019.35,HARV_004.20190826,drag,NA,NA,NA
HARV,HARV_001,distributed,deciduousForest,202.1,2019-08-27T14:01:00Z,HARV.2019.35,HARV_001.20190827,drag,NA,NA,NA
HARV,HARV_026,distributed,evergreenForest,187.3,2019-08-27T16:45:00Z,HARV.2019.35,HARV_026.20190827,drag,NA,NA,NA
HARV,HARV_006,distributed,deciduousForest,190.8,2019-08-27T18:43:00Z,HARV.2019.35,HARV_006.20190827,drag,NA,NA,NA
HARV,HARV_006,distributed,deciduousForest,190.8,2019-09-16T13:04:00Z,HARV.2019.38,HARV_006.20190916,drag and flag,NA,NA,NA
HARV,HARV_026,distributed,evergreenForest,187.3,2019-09-16T16:04:00Z,HARV.2019.38,HARV_026.20190916,drag and flag,NA,NA,NA
HARV,HARV_001,distributed,deciduousForest,202.1,2019-09-16T18:56:00Z,HARV.2019.38,HARV_001.20190916,drag and flag,NA,NA,NA
HARV,HARV_002,distributed,deciduousForest,187.7,2019-09-17T12:45:00Z,HARV.2019.38,HARV_002.20190917,drag and flag,NA,NA,NA
HARV,HARV_004,distributed,mixedForest,182.6,2019-09-17T14:53:00Z,HARV.2019.38,HARV_004.20190917,drag and flag,NA,NA,NA
HARV,HARV_022,distributed,evergreenForest,185.9,2019-09-17T17:23:00Z,HARV.2019.38,HARV_022.20190917,drag and flag,NA,NA,NA
HARV,HARV_006,distributed,deciduousForest,190.8,2020-05-18T16:00:00Z,HARV.2020.21,NA,NA,NA,NA,NA
HARV,HARV_004,distributed,mixedForest,182.6,2020-05-18T16:00:00Z,HARV.2020.21,NA,NA,NA,NA,NA
HARV,HARV_001,distributed,deciduousForest,202.1,2020-05-18T16:00:00Z,HARV.2020.21,NA,NA,NA,NA,NA
HARV,HARV_022,distributed,evergreenForest,185.9,2020-05-18T16:00:00Z,HARV.2020.21,NA,NA,NA,NA,NA
HARV,HARV_002,distributed,deciduousForest,187.7,2020-05-18T16:00:00Z,HARV.2020.21,NA,NA,NA,NA,NA
HARV,HARV_026,distributed,evergreenForest,187.3,2020-05-18T16:00:00Z,HARV.2020.21,NA,NA,NA,NA,NA
HARV,HARV_006,distributed,deciduousForest,190.8,2020-04-27T16:00:00Z,HARV.2020.18,NA,NA,NA,NA,NA
HARV,HARV_026,distributed,evergreenForest,187.3,2020-04-27T16:00:00Z,HARV.2020.18,NA,NA,NA,NA,NA
HARV,HARV_001,distributed,deciduousForest,202.1,2020-04-27T16:00:00Z,HARV.2020.18,NA,NA,NA,NA,NA
HARV,HARV_004,distributed,mixedForest,182.6,2020-04-27T16:00:00Z,HARV.2020.18,NA,NA,NA,NA,NA
HARV,HARV_022,distributed,evergreenForest,185.9,2020-04-27T16:00:00Z,HARV.2020.18,NA,NA,NA,NA,NA
HARV,HARV_002,distributed,deciduousForest,187.7,2020-04-27T16:00:00Z,HARV.2020.18,NA,NA,NA,NA,NA
HARV,HARV_026,distributed,evergreenForest,187.3,2020-06-08T16:00:00Z,HARV.2020.24,NA,NA,NA,NA,NA
HARV,HARV_002,distributed,deciduousForest,187.7,2020-06-08T16:00:00Z,HARV.2020.24,NA,NA,NA,NA,NA
HARV,HARV_004,distributed,mixedForest,182.6,2020-06-08T16:00:00Z,HARV.2020.24,NA,NA,NA,NA,NA
HARV,HARV_006,distributed,deciduousForest,190.8,2020-06-08T16:00:00Z,HARV.2020.24,NA,NA,NA,NA,NA
HARV,HARV_001,distributed,deciduousForest,202.1,2020-06-08T16:00:00Z,HARV.2020.24,NA,NA,NA,NA,NA
HARV,HARV_022,distributed,evergreenForest,185.9,2020-06-08T16:00:00Z,HARV.2020.24,NA,NA,NA,NA,NA
HARV,HARV_001,distributed,deciduousForest,202.1,2020-07-02T18:28:00Z,HARV.2020.27,HARV_001.20200702,drag and flag,NA,NA,NA
HARV,HARV_022,distributed,evergreenForest,185.9,2020-07-05T14:50:00Z,HARV.2020.27,HARV_022.20200705,drag and flag,NA,NA,NA
HARV,HARV_004,distributed,mixedForest,182.6,2020-07-05T17:07:00Z,HARV.2020.27,HARV_004.20200705,drag and flag,NA,NA,NA
HARV,HARV_006,distributed,deciduousForest,190.8,2020-07-05T19:19:00Z,HARV.2020.27,HARV_006.20200705,drag and flag,NA,NA,NA
HARV,HARV_026,distributed,evergreenForest,187.3,2020-07-05T20:47:00Z,HARV.2020.27,HARV_026.20200705,drag and flag,NA,NA,NA
HARV,HARV_002,distributed,deciduousForest,187.7,2020-07-05T22:38:00Z,HARV.2020.27,HARV_002.20200705,drag and flag,NA,NA,NA
HARV,HARV_004,distributed,mixedForest,182.6,2020-07-24T16:40:00Z,HARV.2020.30,HARV_004.20200724,drag and flag,NA,NA,NA
HARV,HARV_022,distributed,evergreenForest,185.9,2020-07-24T18:20:00Z,HARV.2020.30,HARV_022.20200724,drag and flag,NA,NA,NA
HARV,HARV_002,distributed,deciduousForest,187.7,2020-07-26T13:32:00Z,HARV.2020.30,HARV_002.20200726,drag and flag,NA,NA,NA
HARV,HARV_001,distributed,deciduousForest,202.1,2020-07-26T16:08:00Z,HARV.2020.30,HARV_001.20200726,drag and flag,NA,NA,NA
HARV,HARV_006,distributed,deciduousForest,190.8,2020-07-26T18:00:00Z,HARV.2020.30,HARV_006.20200726,drag and flag,NA,NA,NA
HARV,HARV_026,distributed,evergreenForest,187.3,2020-07-26T19:18:00Z,HARV.2020.30,HARV_026.20200726,drag and flag,NA,NA,NA
HARV,HARV_022,distributed,evergreenForest,185.9,2020-08-09T13:22:00Z,HARV.2020.33,HARV_022.20200809,drag and flag,NA,NA,NA
HARV,HARV_004,distributed,mixedForest,182.6,2020-08-10T14:37:00Z,HARV.2020.33,HARV_004.20200810,drag and flag,NA,NA,NA
HARV,HARV_026,distributed,evergreenForest,187.3,2020-08-10T16:00:00Z,HARV.2020.33,HARV_026.20200810,drag and flag,NA,NA,NA
HARV,HARV_006,distributed,deciduousForest,190.8,2020-08-10T18:18:00Z,HARV.2020.33,HARV_006.20200810,drag and flag,NA,NA,NA
HARV,HARV_002,distributed,deciduousForest,187.7,2020-08-11T13:01:00Z,HARV.2020.33,HARV_002.20200811,drag and flag,NA,NA,NA
HARV,HARV_001,distributed,deciduousForest,202.1,2020-08-11T16:02:00Z,HARV.2020.33,HARV_001.20200811,drag and flag,NA,NA,NA
HARV,HARV_022,distributed,evergreenForest,185.9,2020-09-04T15:19:00Z,HARV.2020.36,HARV_022.20200904,drag and flag,NA,NA,NA
HARV,HARV_004,distributed,mixedForest,182.6,2020-09-04T18:46:00Z,HARV.2020.36,HARV_004.20200904,drag and flag,NA,NA,NA
HARV,HARV_006,distributed,deciduousForest,190.8,2020-09-05T12:59:00Z,HARV.2020.36,HARV_006.20200905,drag and flag,NA,NA,NA
HARV,HARV_002,distributed,deciduousForest,187.7,2020-09-05T13:17:00Z,HARV.2020.36,HARV_002.20200905,drag and flag,NA,NA,NA
HARV,HARV_026,distributed,evergreenForest,187.3,2020-09-05T15:01:00Z,HARV.2020.36,HARV_026.20200905,drag and flag,NA,NA,NA
HARV,HARV_001,distributed,deciduousForest,202.1,2020-09-05T15:53:00Z,HARV.2020.36,HARV_001.20200905,drag and flag,NA,NA,NA
HARV,HARV_022,distributed,evergreenForest,185.9,2021-04-20T14:02:00Z,HARV.2021.17,NA,drag and flag,NA,NA,NA
HARV,HARV_026,distributed,evergreenForest,187.3,2021-04-20T15:57:00Z,HARV.2021.17,NA,drag and flag,NA,NA,NA
HARV,HARV_006,distributed,deciduousForest,190.8,2021-04-20T17:28:00Z,HARV.2021.17,HARV_006.20210420,drag and flag,NA,NA,NA
HARV,HARV_001,distributed,deciduousForest,202.1,2021-04-23T13:46:00Z,HARV.2021.17,NA,drag and flag,NA,NA,NA
HARV,HARV_004,distributed,mixedForest,182.6,2021-04-23T15:06:00Z,HARV.2021.17,HARV_004.20210423,drag and flag,NA,NA,NA
HARV,HARV_002,distributed,deciduousForest,187.7,2021-04-23T16:00:00Z,HARV.2021.17,NA,NA,NA,NA,NA
HARV,HARV_022,distributed,evergreenForest,185.9,2021-05-12T13:45:00Z,HARV.2021.20,NA,drag and flag,NA,NA,NA
HARV,HARV_001,distributed,deciduousForest,202.1,2021-05-12T15:23:00Z,HARV.2021.20,NA,drag and flag,NA,NA,NA
HARV,HARV_004,distributed,mixedForest,182.6,2021-05-12T18:34:00Z,HARV.2021.20,HARV_004.20210512,drag and flag,NA,NA,NA
HARV,HARV_006,distributed,deciduousForest,190.8,2021-05-13T13:52:00Z,HARV.2021.20,HARV_006.20210513,drag and flag,NA,NA,NA
HARV,HARV_026,distributed,evergreenForest,187.3,2021-05-13T15:25:00Z,HARV.2021.20,HARV_026.20210513,drag and flag,NA,NA,NA
HARV,HARV_002,distributed,deciduousForest,187.7,2021-05-13T17:41:00Z,HARV.2021.20,HARV_002.20210513,drag and flag,NA,NA,NA
HARV,HARV_004,distributed,mixedForest,182.6,2021-05-31T16:00:00Z,HARV.2021.23,NA,NA,NA,NA,NA
HARV,HARV_001,distributed,deciduousForest,202.1,2021-05-31T16:00:00Z,HARV.2021.23,NA,NA,NA,NA,NA
HARV,HARV_006,distributed,deciduousForest,190.8,2021-05-31T16:00:00Z,HARV.2021.23,NA,NA,NA,NA,NA
HARV,HARV_026,distributed,evergreenForest,187.3,2021-05-31T16:00:00Z,HARV.2021.23,NA,NA,NA,NA,NA
HARV,HARV_022,distributed,evergreenForest,185.9,2021-05-31T16:00:00Z,HARV.2021.23,NA,NA,NA,NA,NA
HARV,HARV_002,distributed,deciduousForest,187.7,2021-05-31T16:00:00Z,HARV.2021.23,NA,NA,NA,NA,NA
HARV,HARV_006,distributed,deciduousForest,190.8,2021-06-23T13:35:00Z,HARV.2021.26,HARV_006.20210623,drag and flag,NA,NA,NA
HARV,HARV_026,distributed,evergreenForest,187.3,2021-06-23T14:52:00Z,HARV.2021.26,HARV_026.20210623,drag and flag,NA,NA,NA
HARV,HARV_001,distributed,deciduousForest,202.1,2021-06-23T16:35:00Z,HARV.2021.26,HARV_001.20210623,drag and flag,NA,NA,NA
HARV,HARV_004,distributed,mixedForest,182.6,2021-06-23T18:02:00Z,HARV.2021.26,HARV_004.20210623,drag and flag,NA,NA,NA
HARV,HARV_002,distributed,deciduousForest,187.7,2021-06-24T13:49:00Z,HARV.2021.26,HARV_002.20210624,drag and flag,NA,NA,NA
HARV,HARV_022,distributed,evergreenForest,185.9,2021-06-24T16:22:00Z,HARV.2021.26,HARV_022.20210624,drag and flag,NA,NA,NA
HARV,HARV_001,distributed,deciduousForest,202.1,2021-07-15T14:05:00Z,HARV.2021.29,HARV_001.20210715,drag and flag,NA,NA,NA
HARV,HARV_006,distributed,deciduousForest,190.8,2021-07-15T15:27:00Z,HARV.2021.29,HARV_006.20210715,drag and flag,NA,NA,NA
HARV,HARV_002,distributed,deciduousForest,187.7,2021-07-15T16:00:00Z,HARV.2021.29,NA,NA,NA,NA,NA
HARV,HARV_022,distributed,evergreenForest,185.9,2021-07-15T16:00:00Z,HARV.2021.29,NA,NA,NA,NA,NA
HARV,HARV_026,distributed,evergreenForest,187.3,2021-07-15T17:00:00Z,HARV.2021.29,HARV_026.20210715,drag and flag,NA,NA,NA
HARV,HARV_004,distributed,mixedForest,182.6,2021-07-15T18:18:00Z,HARV.2021.29,HARV_004.20210715,drag and flag,NA,NA,NA
HARV,HARV_022,distributed,evergreenForest,185.9,2021-09-14T12:05:00Z,HARV.2021.38,HARV_022.20210914,drag and flag,NA,NA,NA
HARV,HARV_026,distributed,evergreenForest,187.3,2021-09-14T13:45:00Z,HARV.2021.38,NA,drag and flag,NA,NA,NA
HARV,HARV_006,distributed,deciduousForest,190.8,2021-09-14T15:00:00Z,HARV.2021.38,HARV_006.20210914,drag and flag,NA,NA,NA
HARV,HARV_001,distributed,deciduousForest,202.1,2021-09-14T16:25:00Z,HARV.2021.38,HARV_001.20210914,drag and flag,NA,NA,NA
HARV,HARV_004,distributed,mixedForest,182.6,2021-09-14T17:51:00Z,HARV.2021.38,HARV_004.20210914,drag and flag,NA,NA,NA
HARV,HARV_002,distributed,deciduousForest,187.7,2021-09-15T12:31:00Z,HARV.2021.38,HARV_002.20210915,drag and flag,NA,NA,NA
HARV,HARV_022,distributed,evergreenForest,185.9,2022-04-18T13:36:00Z,HARV.2022.16,HARV_022.20220418,drag and flag,NA,NA,NA
HARV,HARV_001,distributed,deciduousForest,202.1,2022-04-18T15:12:00Z,HARV.2022.16,NA,drag and flag,NA,NA,NA
HARV,HARV_004,distributed,mixedForest,182.6,2022-04-18T16:47:00Z,HARV.2022.16,HARV_004.20220418,drag and flag,NA,NA,NA
HARV,HARV_002,distributed,deciduousForest,187.7,2022-04-18T18:35:00Z,HARV.2022.16,HARV_002.20220418,drag and flag,NA,NA,NA
HARV,HARV_006,distributed,deciduousForest,190.8,2022-04-20T15:45:00Z,HARV.2022.16,HARV_006.20220420,drag and flag,NA,NA,NA
HARV,HARV_026,distributed,evergreenForest,187.3,2022-04-20T17:04:00Z,HARV.2022.16,HARV_026.20220420,drag and flag,NA,NA,NA
HARV,HARV_026,distributed,evergreenForest,187.3,2021-08-02T15:19:00Z,HARV.2021.32,HARV_026.20210802,drag and flag,NA,NA,NA
HARV,HARV_001,distributed,deciduousForest,202.1,2021-08-02T17:34:00Z,HARV.2021.32,HARV_001.20210802,drag and flag,NA,NA,NA
HARV,HARV_022,distributed,evergreenForest,185.9,2021-08-03T17:49:00Z,HARV.2021.32,HARV_022.20210803,drag and flag,NA,NA,NA
HARV,HARV_002,distributed,deciduousForest,187.7,2021-08-04T18:30:00Z,HARV.2021.32,HARV_002.20210804,drag and flag,NA,NA,NA
HARV,HARV_006,distributed,deciduousForest,190.8,2021-08-04T20:35:00Z,HARV.2021.32,HARV_006.20210804,drag and flag,NA,NA,NA
HARV,HARV_004,distributed,mixedForest,182.6,2021-08-04T21:49:00Z,HARV.2021.32,HARV_004.20210804,drag and flag,NA,NA,NA
HARV,HARV_022,distributed,evergreenForest,185.9,2021-08-24T16:40:00Z,HARV.2021.35,HARV_022.20210824,drag and flag,NA,NA,NA
HARV,HARV_026,distributed,evergreenForest,187.3,2021-08-24T18:26:00Z,HARV.2021.35,NA,drag and flag,NA,NA,NA
HARV,HARV_006,distributed,deciduousForest,190.8,2021-08-26T12:25:00Z,HARV.2021.35,NA,drag and flag,NA,NA,NA
HARV,HARV_001,distributed,deciduousForest,202.1,2021-08-26T13:49:00Z,HARV.2021.35,HARV_001.20210826,drag and flag,NA,NA,NA
HARV,HARV_004,distributed,mixedForest,182.6,2021-08-26T15:25:00Z,HARV.2021.35,HARV_004.20210826,drag and flag,NA,NA,NA
HARV,HARV_002,distributed,deciduousForest,187.7,2021-08-26T17:06:00Z,HARV.2021.35,HARV_002.20210826,drag and flag,NA,NA,NA
HARV,HARV_022,distributed,evergreenForest,185.9,2022-05-10T13:00:00Z,HARV.2022.19,NA,drag and flag,NA,NA,NA
HARV,HARV_001,distributed,deciduousForest,202.1,2022-05-10T14:45:00Z,HARV.2022.19,HARV_001.20220510,drag and flag,NA,NA,NA
HARV,HARV_002,distributed,deciduousForest,187.7,2022-05-10T17:06:00Z,HARV.2022.19,NA,drag and flag,NA,NA,NA
HARV,HARV_006,distributed,deciduousForest,190.8,2022-05-11T12:59:00Z,HARV.2022.19,HARV_006.20220511,drag and flag,NA,NA,NA
HARV,HARV_026,distributed,evergreenForest,187.3,2022-05-11T14:11:00Z,HARV.2022.19,NA,drag and flag,NA,NA,NA
HARV,HARV_004,distributed,mixedForest,182.6,2022-05-11T15:58:00Z,HARV.2022.19,HARV_004.20220511,drag and flag,NA,NA,NA
HARV,HARV_022,distributed,evergreenForest,185.9,2022-05-30T12:30:00Z,HARV.2022.22,NA,drag and flag,NA,NA,NA
HARV,HARV_006,distributed,deciduousForest,190.8,2022-05-30T14:11:00Z,HARV.2022.22,HARV_006.20220530,drag and flag,NA,NA,NA
HARV,HARV_026,distributed,evergreenForest,187.3,2022-05-30T15:16:00Z,HARV.2022.22,NA,drag and flag,NA,NA,NA
HARV,HARV_001,distributed,deciduousForest,202.1,2022-05-30T17:01:00Z,HARV.2022.22,HARV_001.20220530,drag and flag,NA,NA,NA
HARV,HARV_002,distributed,deciduousForest,187.7,2022-05-31T12:52:00Z,HARV.2022.22,HARV_002.20220531,drag and flag,NA,NA,NA
HARV,HARV_004,distributed,mixedForest,182.6,2022-05-31T14:41:00Z,HARV.2022.22,HARV_004.20220531,drag and flag,NA,NA,NA
HARV,HARV_004,distributed,mixedForest,182.6,2022-06-20T13:23:00Z,HARV.2022.25,HARV_004.20220620,drag and flag,NA,NA,NA
HARV,HARV_026,distributed,evergreenForest,187.3,2022-06-20T15:07:00Z,HARV.2022.25,NA,drag and flag,NA,NA,NA
HARV,HARV_006,distributed,deciduousForest,190.8,2022-06-20T16:58:00Z,HARV.2022.25,HARV_006.20220620,drag and flag,NA,NA,NA
HARV,HARV_001,distributed,deciduousForest,202.1,2022-06-20T19:10:00Z,HARV.2022.25,HARV_001.20220620,drag and flag,NA,NA,NA
HARV,HARV_022,distributed,evergreenForest,185.9,2022-06-21T13:02:00Z,HARV.2022.25,HARV_022.20220621,drag and flag,NA,NA,NA
HARV,HARV_002,distributed,deciduousForest,187.7,2022-06-21T17:19:00Z,HARV.2022.25,HARV_002.20220621,drag and flag,NA,NA,NA
HARV,HARV_004,distributed,mixedForest,182.6,2022-07-11T12:49:00Z,HARV.2022.28,HARV_004.20220711,drag and flag,NA,NA,NA
HARV,HARV_026,distributed,evergreenForest,187.3,2022-07-11T13:53:00Z,HARV.2022.28,HARV_026.20220711,drag and flag,NA,NA,NA
HARV,HARV_006,distributed,deciduousForest,190.8,2022-07-11T14:54:00Z,HARV.2022.28,HARV_006.20220711,drag and flag,NA,NA,NA
HARV,HARV_001,distributed,deciduousForest,202.1,2022-07-11T16:03:00Z,HARV.2022.28,NA,drag and flag,NA,NA,NA
HARV,HARV_022,distributed,evergreenForest,185.9,2022-07-12T12:18:00Z,HARV.2022.28,HARV_022.20220712,drag and flag,NA,NA,NA
HARV,HARV_002,distributed,deciduousForest,187.7,2022-07-12T13:56:00Z,HARV.2022.28,HARV_002.20220712,drag and flag,NA,NA,NA
HARV,HARV_002,distributed,deciduousForest,187.7,2022-08-03T14:41:00Z,HARV.2022.31,HARV_002.20220803,drag and flag,NA,NA,NA
HARV,HARV_001,distributed,deciduousForest,202.1,2022-08-03T18:08:00Z,HARV.2022.31,HARV_001.20220803,drag and flag,NA,NA,NA
HARV,HARV_022,distributed,evergreenForest,185.9,2022-08-04T11:17:00Z,HARV.2022.31,HARV_022.20220804,drag and flag,NA,NA,NA
HARV,HARV_006,distributed,deciduousForest,190.8,2022-08-04T15:14:00Z,HARV.2022.31,HARV_006.20220804,drag and flag,NA,NA,NA
HARV,HARV_026,distributed,evergreenForest,187.3,2022-08-04T16:41:00Z,HARV.2022.31,HARV_026.20220804,drag and flag,NA,NA,NA
HARV,HARV_004,distributed,mixedForest,182.6,2022-08-04T18:33:00Z,HARV.2022.31,HARV_004.20220804,drag and flag,NA,NA,NA
HARV,HARV_022,distributed,evergreenForest,185.9,2022-08-24T16:00:00Z,HARV.2022.34,NA,NA,NA,NA,NA
HARV,HARV_001,distributed,deciduousForest,202.1,2022-08-24T16:00:00Z,HARV.2022.34,NA,NA,NA,NA,NA
HARV,HARV_002,distributed,deciduousForest,187.7,2022-08-24T16:00:00Z,HARV.2022.34,NA,NA,NA,NA,NA
HARV,HARV_004,distributed,mixedForest,182.6,2022-08-24T19:50:00Z,HARV.2022.34,HARV_004.20220824,drag and flag,NA,NA,NA
HARV,HARV_026,distributed,evergreenForest,187.3,2022-08-25T16:42:00Z,HARV.2022.34,NA,drag and flag,NA,NA,NA
HARV,HARV_006,distributed,deciduousForest,190.8,2022-08-25T18:00:00Z,HARV.2022.34,NA,drag and flag,NA,NA,NA
HARV,HARV_022,distributed,evergreenForest,185.9,2023-04-24T16:00:00Z,HARV.2023.17,NA,NA,NA,NA,NA
HARV,HARV_004,distributed,mixedForest,182.6,2023-04-24T16:00:00Z,HARV.2023.17,NA,NA,NA,NA,NA
HARV,HARV_001,distributed,deciduousForest,202.1,2023-04-24T16:00:00Z,HARV.2023.17,NA,NA,NA,NA,NA
HARV,HARV_026,distributed,evergreenForest,187.3,2023-04-24T16:00:00Z,HARV.2023.17,NA,NA,NA,NA,NA
HARV,HARV_002,distributed,deciduousForest,187.7,2023-04-24T16:00:00Z,HARV.2023.17,NA,NA,NA,NA,NA
HARV,HARV_006,distributed,deciduousForest,190.8,2023-04-24T16:00:00Z,HARV.2023.17,NA,NA,NA,NA,NA
HARV,HARV_002,distributed,deciduousForest,187.7,2022-09-13T16:00:00Z,HARV.2022.37,NA,NA,NA,NA,NA
HARV,HARV_001,distributed,deciduousForest,202.1,2022-09-13T16:00:00Z,HARV.2022.37,NA,NA,NA,NA,NA
HARV,HARV_004,distributed,mixedForest,182.6,2022-09-13T16:00:00Z,HARV.2022.37,NA,NA,NA,NA,NA
HARV,HARV_022,distributed,evergreenForest,185.9,2022-09-14T17:54:00Z,HARV.2022.37,HARV_022.20220914,drag and flag,NA,NA,NA
HARV,HARV_006,distributed,deciduousForest,190.8,2022-09-15T13:03:00Z,HARV.2022.37,NA,drag and flag,NA,NA,NA
HARV,HARV_026,distributed,evergreenForest,187.3,2022-09-15T14:52:00Z,HARV.2022.37,HARV_026.20220915,drag and flag,NA,NA,NA
HARV,HARV_022,distributed,evergreenForest,185.9,2023-06-06T14:15:00Z,HARV.2023.23,HARV_022.20230606,drag and flag,NA,NA,NA
HARV,HARV_001,distributed,deciduousForest,202.1,2023-06-06T14:38:00Z,HARV.2023.23,HARV_001.20230606,drag and flag,NA,NA,NA
HARV,HARV_026,distributed,evergreenForest,187.3,2023-06-06T16:00:00Z,HARV.2023.23,NA,NA,NA,NA,NA
HARV,HARV_006,distributed,deciduousForest,190.8,2023-06-06T16:00:00Z,HARV.2023.23,NA,NA,NA,NA,NA
HARV,HARV_004,distributed,mixedForest,182.6,2023-06-06T17:18:00Z,HARV.2023.23,HARV_004.20230606,drag and flag,NA,NA,NA
HARV,HARV_022,distributed,evergreenForest,185.9,2023-06-12T17:36:00Z,HARV.2023.23,HARV_022.20230612,drag and flag,NA,NA,NA
HARV,HARV_002,distributed,deciduousForest,187.7,2023-06-14T13:25:00Z,HARV.2023.23,HARV_002.20230614,drag and flag,NA,NA,NA
HARV,HARV_001,distributed,deciduousForest,202.1,2023-06-14T16:55:00Z,HARV.2023.23,HARV_001.20230614,drag and flag,NA,NA,NA
HARV,HARV_022,distributed,evergreenForest,185.9,2023-06-26T12:38:00Z,HARV.2023.26,HARV_022.20230626,drag and flag,NA,NA,NA
HARV,HARV_006,distributed,deciduousForest,190.8,2023-06-26T14:38:00Z,HARV.2023.26,HARV_006.20230626,drag and flag,NA,NA,NA
HARV,HARV_001,distributed,deciduousForest,202.1,2023-06-30T13:06:00Z,HARV.2023.26,HARV_001.20230630,drag and flag,NA,NA,NA
HARV,HARV_004,distributed,mixedForest,182.6,2023-06-30T15:03:00Z,HARV.2023.26,HARV_004.20230630,drag and flag,NA,NA,NA
HARV,HARV_026,distributed,evergreenForest,187.3,2023-06-30T16:18:00Z,HARV.2023.26,HARV_026.20230630,drag and flag,NA,NA,NA
HARV,HARV_002,distributed,deciduousForest,187.7,2023-06-30T18:05:00Z,HARV.2023.26,HARV_002.20230630,drag and flag,NA,NA,NA
HARV,HARV_004,distributed,mixedForest,182.6,2023-05-15T19:50:00Z,HARV.2023.20,HARV_004.20230515,drag and flag,NA,NA,NA
HARV,HARV_022,distributed,evergreenForest,185.9,2023-05-18T12:42:00Z,HARV.2023.20,NA,drag and flag,NA,NA,NA
HARV,HARV_006,distributed,deciduousForest,190.8,2023-05-18T14:47:00Z,HARV.2023.20,HARV_006.20230518,drag and flag,NA,NA,NA
HARV,HARV_026,distributed,evergreenForest,187.3,2023-05-18T16:30:00Z,HARV.2023.20,HARV_026.20230518,drag and flag,NA,NA,NA
HARV,HARV_001,distributed,deciduousForest,202.1,2023-05-18T18:04:00Z,HARV.2023.20,HARV_001.20230518,drag and flag,NA,NA,NA
HARV,HARV_002,distributed,deciduousForest,187.7,2023-05-18T19:45:00Z,HARV.2023.20,NA,drag and flag,NA,NA,NA
HARV,HARV_022,distributed,evergreenForest,185.9,2023-07-17T17:31:00Z,HARV.2023.29,HARV_022.20230717,drag and flag,NA,NA,NA
HARV,HARV_001,distributed,deciduousForest,202.1,2023-07-18T13:28:00Z,HARV.2023.29,HARV_001.20230718,drag and flag,NA,NA,NA
HARV,HARV_006,distributed,deciduousForest,190.8,2023-07-18T13:54:00Z,HARV.2023.29,HARV_006.20230718,drag and flag,NA,NA,NA
HARV,HARV_004,distributed,mixedForest,182.6,2023-07-18T15:20:00Z,HARV.2023.29,HARV_004.20230718,drag and flag,NA,NA,NA
HARV,HARV_026,distributed,evergreenForest,187.3,2023-07-18T15:23:00Z,HARV.2023.29,HARV_026.20230718,drag and flag,NA,NA,NA
HARV,HARV_002,distributed,deciduousForest,187.7,2023-07-18T17:02:00Z,HARV.2023.29,HARV_002.20230718,drag and flag,NA,NA,NA
HARV,HARV_022,distributed,evergreenForest,185.9,2023-08-07T13:39:00Z,HARV.2023.32,HARV_022.20230807,drag and flag,NA,NA,NA
HARV,HARV_026,distributed,evergreenForest,187.3,2023-08-07T15:38:00Z,HARV.2023.32,HARV_026.20230807,drag and flag,NA,NA,NA
HARV,HARV_001,distributed,deciduousForest,202.1,2023-08-09T13:57:00Z,HARV.2023.32,HARV_001.20230809,drag and flag,NA,NA,NA
HARV,HARV_002,distributed,deciduousForest,187.7,2023-08-09T14:08:00Z,HARV.2023.32,HARV_002.20230809,drag and flag,NA,NA,NA
HARV,HARV_006,distributed,deciduousForest,190.8,2023-08-09T17:37:00Z,HARV.2023.32,HARV_006.20230809,drag and flag,NA,NA,NA
HARV,HARV_004,distributed,mixedForest,182.6,2023-08-09T18:10:00Z,HARV.2023.32,HARV_004.20230809,drag and flag,NA,NA,NA
HARV,HARV_002,distributed,deciduousForest,187.7,2023-08-28T13:18:00Z,HARV.2023.35,HARV_002.20230828,drag and flag,NA,NA,NA
HARV,HARV_026,distributed,evergreenForest,187.3,2023-08-28T13:23:00Z,HARV.2023.35,HARV_026.20230828,drag and flag,NA,NA,NA
HARV,HARV_001,distributed,deciduousForest,202.1,2023-08-28T15:11:00Z,HARV.2023.35,HARV_001.20230828,drag and flag,NA,NA,NA
HARV,HARV_004,distributed,mixedForest,182.6,2023-08-28T15:58:00Z,HARV.2023.35,HARV_004.20230828,drag and flag,NA,NA,NA
HARV,HARV_022,distributed,evergreenForest,185.9,2023-08-28T16:43:00Z,HARV.2023.35,HARV_022.20230828,drag and flag,NA,NA,NA
HARV,HARV_006,distributed,deciduousForest,190.8,2023-08-28T18:04:00Z,HARV.2023.35,HARV_006.20230828,drag and flag,NA,NA,NA
DELA,DELA_008,distributed,woodyWetlands,25.3,2016-05-05T16:11:00Z,DELA.2016.18,DELA_008.20160505,drag and flag,0,1,0
DELA,DELA_016,distributed,evergreenForest,23.6,2016-05-05T18:25:00Z,DELA.2016.18,DELA_016.20160505,drag,2,0,0
DELA,DELA_005,distributed,woodyWetlands,26.8,2016-05-05T19:15:00Z,DELA.2016.18,NA,drag,0,0,0
DELA,DELA_014,distributed,evergreenForest,32.4,2016-05-05T20:00:00Z,DELA.2016.18,NA,drag,0,0,0
DELA,DELA_007,distributed,woodyWetlands,25.7,2016-05-23T13:54:00Z,DELA.2016.21,NA,drag and flag,0,0,0
DELA,DELA_005,distributed,woodyWetlands,26.8,2016-05-23T14:05:00Z,DELA.2016.21,DELA_005.20160523,drag and flag,0,1,0
DELA,DELA_016,distributed,evergreenForest,23.6,2016-05-23T14:59:00Z,DELA.2016.21,NA,drag,0,0,0
DELA,DELA_014,distributed,evergreenForest,32.4,2016-05-23T15:17:00Z,DELA.2016.21,DELA_014.20160523,drag,0,1,0
DELA,DELA_001,distributed,woodyWetlands,24.6,2016-05-23T15:52:00Z,DELA.2016.21,DELA_001.20160523,drag,1,0,0
DELA,DELA_008,distributed,woodyWetlands,25.3,2016-05-23T16:25:00Z,DELA.2016.21,NA,drag and flag,0,0,0
HARV,HARV_022,distributed,evergreenForest,185.9,2023-09-20T13:42:00Z,HARV.2023.38,HARV_022.20230920,drag and flag,NA,NA,NA
HARV,HARV_002,distributed,deciduousForest,187.7,2023-09-20T17:36:00Z,HARV.2023.38,HARV_002.20230920,drag and flag,NA,NA,NA
HARV,HARV_004,distributed,mixedForest,182.6,2023-09-21T12:46:00Z,HARV.2023.38,HARV_004.20230921,drag and flag,NA,NA,NA
HARV,HARV_026,distributed,evergreenForest,187.3,2023-09-21T15:08:00Z,HARV.2023.38,HARV_026.20230921,drag and flag,NA,NA,NA
HARV,HARV_001,distributed,deciduousForest,202.1,2023-09-21T16:00:00Z,HARV.2023.38,HARV_001.20230921,drag and flag,NA,NA,NA
HARV,HARV_006,distributed,deciduousForest,190.8,2023-09-21T18:00:00Z,HARV.2023.38,HARV_006.20230921,drag and flag,NA,NA,NA
DELA,DELA_007,distributed,woodyWetlands,25.7,2016-06-16T13:50:00Z,DELA.2016.24,NA,drag and flag,0,0,0
DELA,DELA_016,distributed,evergreenForest,23.6,2016-06-16T14:29:00Z,DELA.2016.24,NA,drag,0,0,0
DELA,DELA_001,distributed,woodyWetlands,24.6,2016-06-16T14:56:00Z,DELA.2016.24,NA,drag,0,0,0
DELA,DELA_008,distributed,woodyWetlands,25.3,2016-06-16T15:38:00Z,DELA.2016.24,NA,drag and flag,0,0,0
DELA,DELA_005,distributed,woodyWetlands,26.8,2016-06-16T16:41:00Z,DELA.2016.24,DELA_005.20160616,drag and flag,0,1,0
DELA,DELA_014,distributed,evergreenForest,32.4,2016-06-16T17:11:00Z,DELA.2016.24,NA,drag,0,0,0
DELA,DELA_007,distributed,woodyWetlands,25.7,2016-07-13T13:00:00Z,DELA.2016.28,NA,drag and flag,0,0,0
DELA,DELA_016,distributed,evergreenForest,23.6,2016-07-13T14:07:00Z,DELA.2016.28,NA,drag and flag,0,0,0
DELA,DELA_001,distributed,woodyWetlands,24.6,2016-07-13T15:08:00Z,DELA.2016.28,NA,drag and flag,0,0,0
DELA,DELA_008,distributed,woodyWetlands,25.3,2016-07-13T16:07:00Z,DELA.2016.28,NA,drag and flag,0,0,0
DELA,DELA_014,distributed,evergreenForest,32.4,2016-07-13T17:17:00Z,DELA.2016.28,NA,drag,0,0,0
DELA,DELA_005,distributed,woodyWetlands,26.8,2016-07-13T18:14:00Z,DELA.2016.28,NA,drag and flag,0,0,0
DELA,DELA_001,distributed,woodyWetlands,24.6,2016-07-25T12:45:00Z,DELA.2016.30,NA,drag and flag,0,0,0
DELA,DELA_008,distributed,woodyWetlands,25.3,2016-07-25T12:48:00Z,DELA.2016.30,NA,drag and flag,0,0,0
DELA,DELA_016,distributed,evergreenForest,23.6,2016-07-25T13:40:00Z,DELA.2016.30,NA,drag,0,0,0
DELA,DELA_014,distributed,evergreenForest,32.4,2016-07-25T13:49:00Z,DELA.2016.30,NA,drag,0,0,0
DELA,DELA_007,distributed,woodyWetlands,25.7,2016-07-25T14:32:00Z,DELA.2016.30,NA,drag,0,0,0
DELA,DELA_005,distributed,woodyWetlands,26.8,2016-07-25T15:03:00Z,DELA.2016.30,NA,drag and flag,0,0,0
DELA,DELA_014,distributed,evergreenForest,32.4,2016-08-25T13:00:00Z,DELA.2016.34,NA,drag,0,0,0
DELA,DELA_005,distributed,woodyWetlands,26.8,2016-08-25T13:44:00Z,DELA.2016.34,NA,drag,0,0,0
DELA,DELA_008,distributed,woodyWetlands,25.3,2016-08-25T14:15:00Z,DELA.2016.34,NA,drag and flag,0,0,0
DELA,DELA_001,distributed,woodyWetlands,24.6,2016-08-25T15:00:00Z,DELA.2016.34,NA,drag,0,0,0
DELA,DELA_016,distributed,evergreenForest,23.6,2016-08-25T15:42:00Z,DELA.2016.34,NA,drag,0,0,0
DELA,DELA_007,distributed,woodyWetlands,25.7,2016-08-25T16:52:00Z,DELA.2016.34,DELA_007.20160825,drag,0,3,0
DELA,DELA_001,distributed,woodyWetlands,24.6,2016-09-15T13:38:00Z,DELA.2016.37,NA,drag,0,0,0
DELA,DELA_008,distributed,woodyWetlands,25.3,2016-09-15T13:41:00Z,DELA.2016.37,DELA_008.20160915,drag and flag,0,2,0
DELA,DELA_016,distributed,evergreenForest,23.6,2016-09-15T14:38:00Z,DELA.2016.37,NA,drag and flag,0,0,0
DELA,DELA_005,distributed,woodyWetlands,26.8,2016-09-15T14:52:00Z,DELA.2016.37,DELA_005.20160915,drag,0,2,0
DELA,DELA_007,distributed,woodyWetlands,25.7,2016-09-15T15:38:00Z,DELA.2016.37,NA,drag,0,0,0
DELA,DELA_014,distributed,evergreenForest,32.4,2016-09-15T16:08:00Z,DELA.2016.37,NA,drag,0,0,0
DELA,DELA_001,distributed,woodyWetlands,24.6,2016-10-06T13:21:00Z,DELA.2016.40,NA,drag and flag,0,0,0
DELA,DELA_016,distributed,evergreenForest,23.6,2016-10-06T14:01:00Z,DELA.2016.40,NA,drag,0,0,0
DELA,DELA_007,distributed,woodyWetlands,25.7,2016-10-06T14:47:00Z,DELA.2016.40,NA,drag,0,0,0
DELA,DELA_008,distributed,woodyWetlands,25.3,2016-10-06T14:55:00Z,DELA.2016.40,NA,drag and flag,0,0,0
DELA,DELA_014,distributed,evergreenForest,32.4,2016-10-06T15:50:00Z,DELA.2016.40,NA,drag,0,0,0
DELA,DELA_005,distributed,woodyWetlands,26.8,2016-10-06T16:36:00Z,DELA.2016.40,NA,drag and flag,0,0,0
DELA,DELA_014,distributed,evergreenForest,32.4,2016-10-19T13:52:00Z,DELA.2016.42,NA,drag,0,0,0
DELA,DELA_016,distributed,evergreenForest,23.6,2016-10-19T14:40:00Z,DELA.2016.42,NA,drag,0,0,0
DELA,DELA_008,distributed,woodyWetlands,25.3,2016-10-19T14:48:00Z,DELA.2016.42,DELA_008.20161019,drag and flag,0,0,1
DELA,DELA_007,distributed,woodyWetlands,25.7,2016-10-19T15:31:00Z,DELA.2016.42,NA,drag,0,0,0
DELA,DELA_001,distributed,woodyWetlands,24.6,2016-10-19T16:21:00Z,DELA.2016.42,NA,drag and flag,0,0,0
DELA,DELA_005,distributed,woodyWetlands,26.8,2016-10-19T17:23:00Z,DELA.2016.42,NA,drag and flag,0,0,0
DELA,DELA_007,distributed,woodyWetlands,25.7,2016-11-17T20:00:00Z,DELA.2016.46,NA,drag,0,0,0
DELA,DELA_008,distributed,woodyWetlands,25.3,2016-11-17T20:14:00Z,DELA.2016.46,DELA_008.20161117,drag and flag,0,0,1
DELA,DELA_016,distributed,evergreenForest,23.6,2016-11-17T20:44:00Z,DELA.2016.46,NA,drag,0,0,0
DELA,DELA_014,distributed,evergreenForest,32.4,2016-11-17T21:09:00Z,DELA.2016.46,NA,drag,0,0,0
DELA,DELA_008,distributed,woodyWetlands,25.3,2017-03-06T15:40:00Z,DELA.2017.10,NA,drag and flag,0,0,0
DELA,DELA_005,distributed,woodyWetlands,26.8,2017-03-06T16:27:00Z,DELA.2017.10,NA,drag,0,0,0
DELA,DELA_014,distributed,evergreenForest,32.4,2017-03-06T17:11:00Z,DELA.2017.10,NA,drag,0,0,0
DELA,DELA_016,distributed,evergreenForest,23.6,2017-03-06T18:34:00Z,DELA.2017.10,NA,drag,0,0,0
DELA,DELA_001,distributed,woodyWetlands,24.6,2017-03-06T19:20:00Z,DELA.2017.10,NA,drag,0,0,0
DELA,DELA_007,distributed,woodyWetlands,25.7,2017-03-06T20:15:00Z,DELA.2017.10,NA,drag,0,0,0
DELA,DELA_016,distributed,evergreenForest,23.6,2017-03-27T15:33:00Z,DELA.2017.13,DELA_016.20170327,drag,0,1,0
DELA,DELA_007,distributed,woodyWetlands,25.7,2017-03-27T16:27:00Z,DELA.2017.13,NA,drag,0,0,0
DELA,DELA_005,distributed,woodyWetlands,26.8,2017-03-27T20:14:00Z,DELA.2017.13,DELA_005.20170327,drag and flag,1,1,0
DELA,DELA_014,distributed,evergreenForest,32.4,2017-03-27T21:34:00Z,DELA.2017.13,NA,drag,0,0,0
DELA,DELA_008,distributed,woodyWetlands,25.3,2017-03-29T13:54:00Z,DELA.2017.13,NA,drag and flag,0,0,0
DELA,DELA_001,distributed,woodyWetlands,24.6,2017-03-29T14:57:00Z,DELA.2017.13,NA,drag,0,0,0
DELA,DELA_007,distributed,woodyWetlands,25.7,2017-04-19T13:46:00Z,DELA.2017.16,NA,drag,0,0,0
DELA,DELA_008,distributed,woodyWetlands,25.3,2017-04-19T14:50:00Z,DELA.2017.16,NA,drag and flag,0,0,0
DELA,DELA_014,distributed,evergreenForest,32.4,2017-04-19T16:00:00Z,DELA.2017.16,NA,drag,0,0,0
DELA,DELA_005,distributed,woodyWetlands,26.8,2017-04-19T16:50:00Z,DELA.2017.17,DELA_005.20170419,drag and flag,0,1,0
DELA,DELA_016,distributed,evergreenForest,23.6,2017-04-19T17:20:00Z,DELA.2017.16,NA,drag,0,0,0
DELA,DELA_005,distributed,woodyWetlands,26.8,2017-05-10T17:27:00Z,DELA.2017.20,NA,drag and flag,0,0,0
DELA,DELA_014,distributed,evergreenForest,32.4,2017-05-10T18:30:00Z,DELA.2017.20,NA,drag,0,0,0
DELA,DELA_007,distributed,woodyWetlands,25.7,2017-05-10T18:40:00Z,DELA.2017.20,DELA_007.20170510,drag,1,3,0
DELA,DELA_001,distributed,woodyWetlands,24.6,2017-05-10T19:30:00Z,DELA.2017.20,NA,drag and flag,0,0,0
DELA,DELA_016,distributed,evergreenForest,23.6,2017-05-10T19:56:00Z,DELA.2017.20,NA,drag,0,0,0
DELA,DELA_008,distributed,woodyWetlands,25.3,2017-05-10T19:57:00Z,DELA.2017.20,DELA_008.20170510,drag and flag,1,0,0
DELA,DELA_001,distributed,woodyWetlands,24.6,2017-06-01T13:39:00Z,DELA.2017.23,NA,drag and flag,0,0,0
DELA,DELA_005,distributed,woodyWetlands,26.8,2017-06-01T13:51:00Z,DELA.2017.23,NA,drag and flag,0,0,0
DELA,DELA_016,distributed,evergreenForest,23.6,2017-06-01T14:29:00Z,DELA.2017.23,NA,drag,0,0,0
DELA,DELA_014,distributed,evergreenForest,32.4,2017-06-01T14:43:00Z,DELA.2017.23,NA,drag,0,0,0
DELA,DELA_008,distributed,woodyWetlands,25.3,2017-06-01T15:27:00Z,DELA.2017.23,NA,drag and flag,0,0,0
DELA,DELA_007,distributed,woodyWetlands,25.7,2017-06-01T15:40:00Z,DELA.2017.23,NA,drag,0,0,0
DELA,DELA_007,distributed,woodyWetlands,25.7,2017-06-19T14:56:00Z,DELA.2017.26,DELA_007.20170619,drag,0,0,6
DELA,DELA_005,distributed,woodyWetlands,26.8,2017-06-19T15:00:00Z,DELA.2017.26,DELA_005.20170619,drag and flag,1,0,0
DELA,DELA_014,distributed,evergreenForest,32.4,2017-06-19T16:16:00Z,DELA.2017.26,NA,drag,0,0,0
DELA,DELA_016,distributed,evergreenForest,23.6,2017-06-19T16:25:00Z,DELA.2017.26,NA,drag,0,0,0
DELA,DELA_001,distributed,woodyWetlands,24.6,2017-06-19T17:12:00Z,DELA.2017.26,NA,drag,0,0,0
DELA,DELA_008,distributed,woodyWetlands,25.3,2017-06-19T17:35:00Z,DELA.2017.26,NA,drag and flag,0,0,0
DELA,DELA_001,distributed,woodyWetlands,24.6,2017-08-02T14:35:00Z,DELA.2017.32,DELA_001.20170802,drag,0,1,0
DELA,DELA_008,distributed,woodyWetlands,25.3,2017-08-02T15:04:00Z,DELA.2017.32,NA,drag and flag,0,0,0
DELA,DELA_016,distributed,evergreenForest,23.6,2017-08-02T15:13:00Z,DELA.2017.32,NA,drag and flag,0,0,0
DELA,DELA_007,distributed,woodyWetlands,25.7,2017-08-02T16:08:00Z,DELA.2017.32,NA,drag,0,0,0
DELA,DELA_005,distributed,woodyWetlands,26.8,2017-08-02T16:31:00Z,DELA.2017.32,NA,drag,0,0,0
DELA,DELA_014,distributed,evergreenForest,32.4,2017-08-02T17:36:00Z,DELA.2017.32,NA,drag,0,0,0
DELA,DELA_001,distributed,woodyWetlands,24.6,2017-08-24T13:49:00Z,DELA.2017.35,NA,drag and flag,0,0,0
DELA,DELA_005,distributed,woodyWetlands,26.8,2017-08-24T14:03:00Z,DELA.2017.35,NA,drag and flag,0,0,0
DELA,DELA_007,distributed,woodyWetlands,25.7,2017-08-24T14:41:00Z,DELA.2017.35,DELA_007.20170824,drag and flag,0,2,0
DELA,DELA_014,distributed,evergreenForest,32.4,2017-08-24T15:05:00Z,DELA.2017.35,DELA_014.20170824,drag and flag,0,2,0
DELA,DELA_008,distributed,woodyWetlands,25.3,2017-08-24T16:44:00Z,DELA.2017.35,NA,drag and flag,0,0,0
DELA,DELA_016,distributed,evergreenForest,23.6,2017-08-24T17:37:00Z,DELA.2017.35,NA,drag and flag,0,0,0
DELA,DELA_005,distributed,woodyWetlands,26.8,2017-07-12T14:51:00Z,DELA.2017.29,NA,drag and flag,0,0,0
DELA,DELA_014,distributed,evergreenForest,32.4,2017-07-12T15:39:00Z,DELA.2017.29,NA,drag,0,0,0
DELA,DELA_007,distributed,woodyWetlands,25.7,2017-07-12T16:03:00Z,DELA.2017.29,NA,drag and flag,0,0,0
DELA,DELA_016,distributed,evergreenForest,23.6,2017-07-12T16:50:00Z,DELA.2017.29,NA,drag and flag,0,0,0
DELA,DELA_008,distributed,woodyWetlands,25.3,2017-07-12T16:55:00Z,DELA.2017.29,NA,drag and flag,0,0,0
DELA,DELA_014,distributed,evergreenForest,32.4,2017-09-14T13:01:00Z,DELA.2017.38,NA,drag,0,0,0
DELA,DELA_005,distributed,woodyWetlands,26.8,2017-09-14T13:45:00Z,DELA.2017.38,NA,drag,0,0,0
DELA,DELA_001,distributed,woodyWetlands,24.6,2017-09-14T14:43:00Z,DELA.2017.38,NA,drag,0,0,0
DELA,DELA_016,distributed,evergreenForest,23.6,2017-09-14T15:17:00Z,DELA.2017.38,NA,drag,0,0,0
DELA,DELA_008,distributed,woodyWetlands,25.3,2017-09-14T15:53:00Z,DELA.2017.38,NA,drag and flag,0,0,0
DELA,DELA_007,distributed,woodyWetlands,25.7,2017-09-14T16:42:00Z,DELA.2017.38,NA,drag and flag,0,0,0
DELA,DELA_005,distributed,woodyWetlands,26.8,2018-03-09T16:08:00Z,DELA.2018.10,NA,drag and flag,0,0,0
DELA,DELA_007,distributed,woodyWetlands,25.7,2018-03-09T16:16:00Z,DELA.2018.10,NA,drag,0,0,0
DELA,DELA_016,distributed,evergreenForest,23.6,2018-03-09T16:56:00Z,DELA.2018.10,NA,drag,0,0,0
DELA,DELA_014,distributed,evergreenForest,32.4,2018-03-09T17:11:00Z,DELA.2018.10,NA,drag,0,0,0
DELA,DELA_008,distributed,woodyWetlands,25.3,2018-03-27T14:42:00Z,DELA.2018.13,NA,drag and flag,0,0,0
DELA,DELA_014,distributed,evergreenForest,32.4,2018-03-27T15:35:00Z,DELA.2018.13,NA,drag,0,0,0
DELA,DELA_007,distributed,woodyWetlands,25.7,2018-03-27T16:48:00Z,DELA.2018.13,NA,drag,0,0,0
DELA,DELA_016,distributed,evergreenForest,23.6,2018-03-27T17:25:00Z,DELA.2018.13,NA,drag,0,0,0
DELA,DELA_001,distributed,woodyWetlands,24.6,2018-03-27T18:16:00Z,DELA.2018.13,NA,drag,0,0,0
DELA,DELA_005,distributed,woodyWetlands,26.8,2018-03-27T19:03:00Z,DELA.2018.13,NA,drag and flag,0,0,0
DELA,DELA_005,distributed,woodyWetlands,26.8,2018-05-08T14:59:00Z,DELA.2018.19,NA,drag,0,0,0
DELA,DELA_014,distributed,evergreenForest,32.4,2018-05-08T16:08:00Z,DELA.2018.19,NA,drag,0,0,0
DELA,DELA_008,distributed,woodyWetlands,25.3,2018-05-08T17:05:00Z,DELA.2018.19,NA,drag and flag,0,0,0
DELA,DELA_016,distributed,evergreenForest,23.6,2018-05-08T18:10:00Z,DELA.2018.19,DELA_016.20180508,drag,0,1,0
DELA,DELA_007,distributed,woodyWetlands,25.7,2018-05-08T19:03:00Z,DELA.2018.19,NA,drag,0,0,0
DELA,DELA_011,distributed,woodyWetlands,29.3,2018-06-06T14:04:00Z,DELA.2018.23,NA,drag and flag,0,0,0
DELA,DELA_005,distributed,woodyWetlands,26.8,2018-06-06T14:52:00Z,DELA.2018.23,NA,drag and flag,0,0,0
DELA,DELA_008,distributed,woodyWetlands,25.3,2018-06-06T15:28:00Z,DELA.2018.23,DELA_008.20180606,drag and flag,0,3,0
DELA,DELA_004,distributed,woodyWetlands,24,2018-06-06T16:04:00Z,DELA.2018.23,NA,drag and flag,0,0,0
DELA,DELA_014,distributed,evergreenForest,32.4,2018-06-06T17:12:00Z,DELA.2018.23,NA,drag and flag,0,0,0
DELA,DELA_001,distributed,woodyWetlands,24.6,2018-06-06T17:59:00Z,DELA.2018.23,NA,drag and flag,0,0,0
DELA,DELA_011,distributed,woodyWetlands,29.3,2018-06-19T13:43:00Z,DELA.2018.25,NA,drag,0,0,0
DELA,DELA_005,distributed,woodyWetlands,26.8,2018-06-19T14:35:00Z,DELA.2018.25,NA,drag,0,0,0
DELA,DELA_014,distributed,evergreenForest,32.4,2018-06-19T14:44:00Z,DELA.2018.25,NA,drag and flag,0,0,0
DELA,DELA_008,distributed,woodyWetlands,25.3,2018-06-19T15:27:00Z,DELA.2018.25,DELA_008.20180619,drag and flag,0,4,0
DELA,DELA_004,distributed,woodyWetlands,24,2018-06-19T15:31:00Z,DELA.2018.25,NA,drag,0,0,0
DELA,DELA_001,distributed,woodyWetlands,24.6,2018-06-19T16:20:00Z,DELA.2018.25,NA,drag and flag,0,0,0
DELA,DELA_001,distributed,woodyWetlands,24.6,2018-07-10T14:38:00Z,DELA.2018.28,DELA_001.20180710,drag,0,1,0
DELA,DELA_008,distributed,woodyWetlands,25.3,2018-07-10T15:22:00Z,DELA.2018.28,NA,drag and flag,0,0,0
DELA,DELA_014,distributed,evergreenForest,32.4,2018-07-10T16:08:00Z,DELA.2018.28,NA,drag,0,0,0
DELA,DELA_011,distributed,woodyWetlands,29.3,2018-07-10T16:25:00Z,DELA.2018.28,NA,drag,0,0,0
DELA,DELA_004,distributed,woodyWetlands,24,2018-07-10T16:45:00Z,DELA.2018.28,NA,drag,0,0,0
DELA,DELA_005,distributed,woodyWetlands,26.8,2018-07-10T17:05:00Z,DELA.2018.28,NA,drag,0,0,0
DELA,DELA_014,distributed,evergreenForest,32.4,2018-07-31T14:13:00Z,DELA.2018.31,NA,drag,0,0,0
DELA,DELA_004,distributed,woodyWetlands,24,2018-07-31T14:47:00Z,DELA.2018.31,NA,drag,0,0,0
DELA,DELA_008,distributed,woodyWetlands,25.3,2018-07-31T15:04:00Z,DELA.2018.31,DELA_008.20180731,drag and flag,0,1,0
DELA,DELA_011,distributed,woodyWetlands,29.3,2018-07-31T15:41:00Z,DELA.2018.31,NA,drag,0,0,0
DELA,DELA_001,distributed,woodyWetlands,24.6,2018-07-31T15:55:00Z,DELA.2018.31,NA,drag,0,0,0
DELA,DELA_005,distributed,woodyWetlands,26.8,2018-07-31T16:26:00Z,DELA.2018.31,NA,drag and flag,0,0,0
DELA,DELA_014,distributed,evergreenForest,32.4,2018-08-23T13:45:00Z,DELA.2018.34,NA,drag,0,0,0
DELA,DELA_008,distributed,woodyWetlands,25.3,2018-08-23T14:29:00Z,DELA.2018.34,DELA_008.20180823,drag and flag,0,2,0
DELA,DELA_011,distributed,woodyWetlands,29.3,2018-08-23T14:59:00Z,DELA.2018.34,NA,drag,0,0,0
DELA,DELA_001,distributed,woodyWetlands,24.6,2018-08-23T15:23:00Z,DELA.2018.34,NA,drag,0,0,0
DELA,DELA_005,distributed,woodyWetlands,26.8,2018-08-23T16:01:00Z,DELA.2018.34,NA,drag and flag,0,0,0
DELA,DELA_004,distributed,woodyWetlands,24,2018-08-23T16:32:00Z,DELA.2018.34,NA,drag,0,0,0
DELA,DELA_014,distributed,evergreenForest,32.4,2018-09-12T17:25:00Z,DELA.2018.37,NA,drag,0,0,0
DELA,DELA_001,distributed,woodyWetlands,24.6,2018-09-12T18:20:00Z,DELA.2018.37,NA,drag,0,0,0
DELA,DELA_008,distributed,woodyWetlands,25.3,2018-09-12T18:55:00Z,DELA.2018.37,NA,drag and flag,0,0,0
DELA,DELA_004,distributed,woodyWetlands,24,2018-09-12T19:44:00Z,DELA.2018.37,NA,drag,0,0,0
DELA,DELA_005,distributed,woodyWetlands,26.8,2018-09-13T15:20:00Z,DELA.2018.37,DELA_005.20180913,drag,0,2,0
DELA,DELA_011,distributed,woodyWetlands,29.3,2018-09-13T16:17:00Z,DELA.2018.37,NA,drag,0,0,0
DELA,DELA_008,distributed,woodyWetlands,25.3,2018-10-04T14:41:00Z,DELA.2018.40,NA,drag and flag,0,0,0
DELA,DELA_011,distributed,woodyWetlands,29.3,2018-10-04T14:54:00Z,DELA.2018.40,NA,drag,0,0,0
DELA,DELA_014,distributed,evergreenForest,32.4,2018-10-04T15:25:00Z,DELA.2018.40,NA,drag,0,0,0
DELA,DELA_005,distributed,woodyWetlands,26.8,2018-10-04T15:34:00Z,DELA.2018.40,NA,drag,0,0,0
DELA,DELA_004,distributed,woodyWetlands,24,2018-10-04T16:14:00Z,DELA.2018.40,NA,drag,0,0,0
DELA,DELA_001,distributed,woodyWetlands,24.6,2018-10-04T16:25:00Z,DELA.2018.40,NA,drag,0,0,0
DELA,DELA_004,distributed,woodyWetlands,24,2019-03-26T17:27:00Z,DELA.2019.13,NA,drag,NA,NA,NA
DELA,DELA_011,distributed,woodyWetlands,29.3,2019-03-26T18:16:00Z,DELA.2019.13,NA,drag,NA,NA,NA
DELA,DELA_005,distributed,woodyWetlands,26.8,2019-03-26T19:00:00Z,DELA.2019.13,NA,drag and flag,NA,NA,NA
DELA,DELA_008,distributed,woodyWetlands,25.3,2019-03-26T19:57:00Z,DELA.2019.13,NA,drag and flag,NA,NA,NA
DELA,DELA_008,distributed,woodyWetlands,25.3,2019-05-08T15:35:00Z,DELA.2019.19,NA,drag and flag,NA,NA,NA
DELA,DELA_011,distributed,woodyWetlands,29.3,2019-05-08T15:46:00Z,DELA.2019.19,NA,drag,NA,NA,NA
DELA,DELA_005,distributed,woodyWetlands,26.8,2019-05-08T16:50:00Z,DELA.2019.19,DELA_005.20190508,drag,NA,NA,NA
DELA,DELA_014,distributed,evergreenForest,32.4,2019-05-08T16:52:00Z,DELA.2019.19,NA,drag,NA,NA,NA
DELA,DELA_004,distributed,woodyWetlands,24,2019-05-08T17:57:00Z,DELA.2019.19,NA,drag,NA,NA,NA
DELA,DELA_011,distributed,woodyWetlands,29.3,2019-05-28T14:40:00Z,DELA.2019.22,NA,drag,NA,NA,NA
DELA,DELA_008,distributed,woodyWetlands,25.3,2019-05-28T14:41:00Z,DELA.2019.22,NA,drag and flag,NA,NA,NA
DELA,DELA_005,distributed,woodyWetlands,26.8,2019-05-28T15:25:00Z,DELA.2019.22,NA,drag,NA,NA,NA
DELA,DELA_004,distributed,woodyWetlands,24,2019-05-28T15:44:00Z,DELA.2019.22,NA,drag and flag,NA,NA,NA
DELA,DELA_014,distributed,evergreenForest,32.4,2019-05-28T16:10:00Z,DELA.2019.22,NA,drag,NA,NA,NA
DELA,DELA_008,distributed,woodyWetlands,25.3,2019-06-19T13:40:00Z,DELA.2019.25,NA,drag and flag,NA,NA,NA
DELA,DELA_014,distributed,evergreenForest,32.4,2019-06-19T14:29:00Z,DELA.2019.25,NA,drag and flag,NA,NA,NA
DELA,DELA_004,distributed,woodyWetlands,24,2019-06-19T15:07:00Z,DELA.2019.25,NA,drag and flag,NA,NA,NA
DELA,DELA_011,distributed,woodyWetlands,29.3,2019-06-19T15:16:00Z,DELA.2019.25,NA,drag and flag,NA,NA,NA
DELA,DELA_005,distributed,woodyWetlands,26.8,2019-06-19T16:22:00Z,DELA.2019.25,DELA_005.20190619,drag and flag,NA,NA,NA
DELA,DELA_001,distributed,woodyWetlands,24.6,2019-06-19T18:10:00Z,DELA.2019.25,NA,drag and flag,NA,NA,NA
DELA,DELA_011,distributed,woodyWetlands,29.3,2019-07-08T14:54:00Z,DELA.2019.28,NA,drag and flag,NA,NA,NA
DELA,DELA_005,distributed,woodyWetlands,26.8,2019-07-08T15:45:00Z,DELA.2019.28,NA,drag and flag,NA,NA,NA
DELA,DELA_004,distributed,woodyWetlands,24,2019-07-08T16:30:00Z,DELA.2019.28,NA,drag,NA,NA,NA
DELA,DELA_014,distributed,evergreenForest,32.4,2019-07-08T18:14:00Z,DELA.2019.28,NA,drag,NA,NA,NA
DELA,DELA_004,distributed,woodyWetlands,24,2019-07-08T19:00:00Z,DELA.2019.28,NA,drag,NA,NA,NA
DELA,DELA_008,distributed,woodyWetlands,25.3,2019-07-08T19:43:00Z,DELA.2019.28,NA,drag and flag,NA,NA,NA
DELA,DELA_001,distributed,woodyWetlands,24.6,2019-08-01T11:35:00Z,DELA.2019.31,NA,drag and flag,NA,NA,NA
DELA,DELA_004,distributed,woodyWetlands,24,2019-08-01T12:23:00Z,DELA.2019.31,NA,drag and flag,NA,NA,NA
DELA,DELA_011,distributed,woodyWetlands,29.3,2019-08-01T14:49:00Z,DELA.2019.31,NA,drag and flag,NA,NA,NA
DELA,DELA_005,distributed,woodyWetlands,26.8,2019-08-01T15:45:00Z,DELA.2019.31,DELA_005.20190801,drag and flag,NA,NA,NA
DELA,DELA_014,distributed,evergreenForest,32.4,2019-08-01T16:49:00Z,DELA.2019.31,NA,drag and flag,NA,NA,NA
DELA,DELA_008,distributed,woodyWetlands,25.3,2019-08-01T17:56:00Z,DELA.2019.31,NA,drag and flag,NA,NA,NA
DELA,DELA_004,distributed,woodyWetlands,24,2019-08-19T13:40:00Z,DELA.2019.34,NA,drag,NA,NA,NA
DELA,DELA_001,distributed,woodyWetlands,24.6,2019-08-19T13:42:00Z,DELA.2019.34,NA,drag and flag,NA,NA,NA
DELA,DELA_005,distributed,woodyWetlands,26.8,2019-08-19T14:10:00Z,DELA.2019.34,NA,drag and flag,NA,NA,NA
DELA,DELA_014,distributed,evergreenForest,32.4,2019-08-19T14:33:00Z,DELA.2019.34,NA,drag,NA,NA,NA
DELA,DELA_011,distributed,woodyWetlands,29.3,2019-08-19T14:43:00Z,DELA.2019.34,NA,drag and flag,NA,NA,NA
DELA,DELA_008,distributed,woodyWetlands,25.3,2019-08-19T15:22:00Z,DELA.2019.34,NA,drag and flag,NA,NA,NA
DELA,DELA_008,distributed,woodyWetlands,25.3,2020-03-23T17:00:00Z,DELA.2020.13,NA,NA,NA,NA,NA
DELA,DELA_005,distributed,woodyWetlands,26.8,2020-03-23T17:00:00Z,DELA.2020.13,NA,NA,NA,NA,NA
DELA,DELA_001,distributed,woodyWetlands,24.6,2020-03-23T17:00:00Z,DELA.2020.13,NA,NA,NA,NA,NA
DELA,DELA_014,distributed,evergreenForest,32.4,2020-03-23T17:00:00Z,DELA.2020.13,NA,NA,NA,NA,NA
DELA,DELA_004,distributed,woodyWetlands,24,2020-03-23T17:00:00Z,DELA.2020.13,NA,NA,NA,NA,NA
DELA,DELA_011,distributed,woodyWetlands,29.3,2020-03-23T17:00:00Z,DELA.2020.13,NA,NA,NA,NA,NA
DELA,DELA_011,distributed,woodyWetlands,29.3,2019-09-10T13:05:00Z,DELA.2019.37,NA,drag,NA,NA,NA
DELA,DELA_014,distributed,evergreenForest,32.4,2019-09-10T13:38:00Z,DELA.2019.37,NA,drag,NA,NA,NA
DELA,DELA_005,distributed,woodyWetlands,26.8,2019-09-10T13:44:00Z,DELA.2019.37,NA,drag and flag,NA,NA,NA
DELA,DELA_004,distributed,woodyWetlands,24,2019-09-10T14:28:00Z,DELA.2019.37,NA,drag,NA,NA,NA
DELA,DELA_008,distributed,woodyWetlands,25.3,2019-09-10T15:08:00Z,DELA.2019.37,NA,drag,NA,NA,NA
DELA,DELA_001,distributed,woodyWetlands,24.6,2019-09-10T16:00:00Z,DELA.2019.37,DELA_001.20190910,drag and flag,NA,NA,NA
DELA,DELA_008,distributed,woodyWetlands,25.3,2019-09-30T16:45:00Z,DELA.2019.40,NA,drag and flag,NA,NA,NA
DELA,DELA_011,distributed,woodyWetlands,29.3,2019-09-30T17:04:00Z,DELA.2019.40,NA,drag and flag,NA,NA,NA
DELA,DELA_004,distributed,woodyWetlands,24,2019-09-30T17:24:00Z,DELA.2019.40,NA,drag and flag,NA,NA,NA
DELA,DELA_005,distributed,woodyWetlands,26.8,2019-09-30T17:46:00Z,DELA.2019.40,NA,drag and flag,NA,NA,NA
DELA,DELA_014,distributed,evergreenForest,32.4,2019-09-30T17:57:00Z,DELA.2019.40,NA,drag and flag,NA,NA,NA
DELA,DELA_001,distributed,woodyWetlands,24.6,2019-09-30T18:25:00Z,DELA.2019.40,NA,drag and flag,NA,NA,NA
DELA,DELA_014,distributed,evergreenForest,32.4,2020-04-13T17:00:00Z,DELA.2020.16,NA,NA,NA,NA,NA
DELA,DELA_005,distributed,woodyWetlands,26.8,2020-04-13T17:00:00Z,DELA.2020.16,NA,NA,NA,NA,NA
DELA,DELA_001,distributed,woodyWetlands,24.6,2020-04-13T17:00:00Z,DELA.2020.16,NA,NA,NA,NA,NA
DELA,DELA_008,distributed,woodyWetlands,25.3,2020-04-13T17:00:00Z,DELA.2020.16,NA,NA,NA,NA,NA
DELA,DELA_004,distributed,woodyWetlands,24,2020-04-13T17:00:00Z,DELA.2020.16,NA,NA,NA,NA,NA
DELA,DELA_011,distributed,woodyWetlands,29.3,2020-04-13T17:00:00Z,DELA.2020.16,NA,NA,NA,NA,NA
DELA,DELA_011,distributed,woodyWetlands,29.3,2020-05-04T17:00:00Z,DELA.2020.19,NA,NA,NA,NA,NA
DELA,DELA_014,distributed,evergreenForest,32.4,2020-05-04T17:00:00Z,DELA.2020.19,NA,NA,NA,NA,NA
DELA,DELA_001,distributed,woodyWetlands,24.6,2020-05-04T17:00:00Z,DELA.2020.19,NA,NA,NA,NA,NA
DELA,DELA_004,distributed,woodyWetlands,24,2020-05-04T17:00:00Z,DELA.2020.19,NA,NA,NA,NA,NA
DELA,DELA_008,distributed,woodyWetlands,25.3,2020-05-04T17:00:00Z,DELA.2020.19,NA,NA,NA,NA,NA
DELA,DELA_005,distributed,woodyWetlands,26.8,2020-05-04T17:00:00Z,DELA.2020.19,NA,NA,NA,NA,NA
DELA,DELA_011,distributed,woodyWetlands,29.3,2020-05-28T17:00:00Z,DELA.2020.22,NA,NA,NA,NA,NA
DELA,DELA_001,distributed,woodyWetlands,24.6,2020-05-28T17:00:00Z,DELA.2020.22,NA,NA,NA,NA,NA
DELA,DELA_004,distributed,woodyWetlands,24,2020-05-28T17:48:00Z,DELA.2020.22,NA,drag and flag,NA,NA,NA
DELA,DELA_014,distributed,evergreenForest,32.4,2020-05-28T18:28:00Z,DELA.2020.22,NA,drag,NA,NA,NA
DELA,DELA_005,distributed,woodyWetlands,26.8,2020-05-28T19:13:00Z,DELA.2020.22,NA,drag and flag,NA,NA,NA
DELA,DELA_008,distributed,woodyWetlands,25.3,2020-05-28T19:30:00Z,DELA.2020.22,NA,drag and flag,NA,NA,NA
DELA,DELA_008,distributed,woodyWetlands,25.3,2020-06-15T17:00:00Z,DELA.2020.25,NA,NA,NA,NA,NA
DELA,DELA_004,distributed,woodyWetlands,24,2020-06-15T17:00:00Z,DELA.2020.25,NA,NA,NA,NA,NA
DELA,DELA_014,distributed,evergreenForest,32.4,2020-06-15T17:00:00Z,DELA.2020.25,NA,NA,NA,NA,NA
DELA,DELA_001,distributed,woodyWetlands,24.6,2020-06-15T17:00:00Z,DELA.2020.25,NA,NA,NA,NA,NA
DELA,DELA_011,distributed,woodyWetlands,29.3,2020-06-15T17:00:00Z,DELA.2020.25,NA,NA,NA,NA,NA
DELA,DELA_005,distributed,woodyWetlands,26.8,2020-06-15T17:00:00Z,DELA.2020.25,NA,NA,NA,NA,NA
DELA,DELA_005,distributed,woodyWetlands,26.8,2020-07-06T17:00:00Z,DELA.2020.28,NA,NA,NA,NA,NA
DELA,DELA_004,distributed,woodyWetlands,24,2020-07-06T17:00:00Z,DELA.2020.28,NA,NA,NA,NA,NA
DELA,DELA_014,distributed,evergreenForest,32.4,2020-07-06T17:00:00Z,DELA.2020.28,NA,NA,NA,NA,NA
DELA,DELA_001,distributed,woodyWetlands,24.6,2020-07-06T17:00:00Z,DELA.2020.28,NA,NA,NA,NA,NA
DELA,DELA_008,distributed,woodyWetlands,25.3,2020-07-06T17:00:00Z,DELA.2020.28,NA,NA,NA,NA,NA
DELA,DELA_011,distributed,woodyWetlands,29.3,2020-07-06T17:00:00Z,DELA.2020.28,NA,NA,NA,NA,NA
DELA,DELA_008,distributed,woodyWetlands,25.3,2020-08-03T15:16:00Z,DELA.2020.32,NA,drag and flag,NA,NA,NA
DELA,DELA_011,distributed,woodyWetlands,29.3,2020-08-03T15:32:00Z,DELA.2020.32,NA,drag,NA,NA,NA
DELA,DELA_005,distributed,woodyWetlands,26.8,2020-08-03T16:14:00Z,DELA.2020.32,NA,drag and flag,NA,NA,NA
DELA,DELA_014,distributed,evergreenForest,32.4,2020-08-03T16:19:00Z,DELA.2020.32,NA,drag,NA,NA,NA
DELA,DELA_001,distributed,woodyWetlands,24.6,2020-08-03T17:00:00Z,DELA.2020.32,NA,NA,NA,NA,NA
DELA,DELA_004,distributed,woodyWetlands,24,2020-08-03T17:04:00Z,DELA.2020.32,NA,drag,NA,NA,NA
DELA,DELA_014,distributed,evergreenForest,32.4,2020-08-19T14:50:00Z,DELA.2020.34,NA,drag,NA,NA,NA
DELA,DELA_005,distributed,woodyWetlands,26.8,2020-08-19T15:01:00Z,DELA.2020.34,NA,drag and flag,NA,NA,NA
DELA,DELA_008,distributed,woodyWetlands,25.3,2020-08-19T15:43:00Z,DELA.2020.34,NA,drag and flag,NA,NA,NA
DELA,DELA_011,distributed,woodyWetlands,29.3,2020-08-19T16:03:00Z,DELA.2020.34,NA,drag and flag,NA,NA,NA
DELA,DELA_001,distributed,woodyWetlands,24.6,2020-08-19T16:27:00Z,DELA.2020.34,NA,drag,NA,NA,NA
DELA,DELA_004,distributed,woodyWetlands,24,2020-08-19T17:22:00Z,DELA.2020.34,NA,drag,NA,NA,NA
DELA,DELA_011,distributed,woodyWetlands,29.3,2020-09-08T15:15:00Z,DELA.2020.37,NA,drag,NA,NA,NA
DELA,DELA_005,distributed,woodyWetlands,26.8,2020-09-08T16:07:00Z,DELA.2020.37,NA,drag,NA,NA,NA
DELA,DELA_008,distributed,woodyWetlands,25.3,2020-09-08T17:07:00Z,DELA.2020.37,NA,drag and flag,NA,NA,NA
DELA,DELA_001,distributed,woodyWetlands,24.6,2020-09-08T17:56:00Z,DELA.2020.37,NA,drag and flag,NA,NA,NA
DELA,DELA_004,distributed,woodyWetlands,24,2020-09-08T19:30:00Z,DELA.2020.37,NA,drag and flag,NA,NA,NA
DELA,DELA_014,distributed,evergreenForest,32.4,2020-09-08T20:18:00Z,DELA.2020.37,NA,drag and flag,NA,NA,NA
DELA,DELA_008,distributed,woodyWetlands,25.3,2021-03-01T18:00:00Z,DELA.2021.10,NA,NA,NA,NA,NA
DELA,DELA_005,distributed,woodyWetlands,26.8,2021-03-01T18:00:00Z,DELA.2021.10,NA,NA,NA,NA,NA
DELA,DELA_011,distributed,woodyWetlands,29.3,2021-03-01T18:00:00Z,DELA.2021.10,NA,NA,NA,NA,NA
DELA,DELA_001,distributed,woodyWetlands,24.6,2021-03-01T18:00:00Z,DELA.2021.10,NA,NA,NA,NA,NA
DELA,DELA_004,distributed,woodyWetlands,24,2021-03-01T18:00:00Z,DELA.2021.10,NA,NA,NA,NA,NA
DELA,DELA_014,distributed,evergreenForest,32.4,2021-03-01T18:00:00Z,DELA.2021.10,NA,NA,NA,NA,NA
DELA,DELA_001,distributed,woodyWetlands,24.6,2021-03-22T17:00:00Z,DELA.2021.13,NA,NA,NA,NA,NA
DELA,DELA_011,distributed,woodyWetlands,29.3,2021-03-22T17:00:00Z,DELA.2021.13,NA,NA,NA,NA,NA
DELA,DELA_004,distributed,woodyWetlands,24,2021-03-22T17:00:00Z,DELA.2021.13,NA,NA,NA,NA,NA
DELA,DELA_014,distributed,evergreenForest,32.4,2021-03-22T17:00:00Z,DELA.2021.13,NA,NA,NA,NA,NA
DELA,DELA_005,distributed,woodyWetlands,26.8,2021-03-22T17:00:00Z,DELA.2021.13,NA,NA,NA,NA,NA
DELA,DELA_008,distributed,woodyWetlands,25.3,2021-03-22T17:00:00Z,DELA.2021.13,NA,NA,NA,NA,NA
DELA,DELA_008,distributed,woodyWetlands,25.3,2021-04-12T17:00:00Z,DELA.2021.16,NA,NA,NA,NA,NA
DELA,DELA_014,distributed,evergreenForest,32.4,2021-04-12T17:00:00Z,DELA.2021.16,NA,NA,NA,NA,NA
DELA,DELA_004,distributed,woodyWetlands,24,2021-04-12T17:00:00Z,DELA.2021.16,NA,NA,NA,NA,NA
DELA,DELA_005,distributed,woodyWetlands,26.8,2021-04-12T17:00:00Z,DELA.2021.16,NA,NA,NA,NA,NA
DELA,DELA_001,distributed,woodyWetlands,24.6,2021-04-12T17:00:00Z,DELA.2021.16,NA,NA,NA,NA,NA
DELA,DELA_011,distributed,woodyWetlands,29.3,2021-04-12T17:00:00Z,DELA.2021.16,NA,NA,NA,NA,NA
DELA,DELA_001,distributed,woodyWetlands,24.6,2021-05-06T17:00:00Z,DELA.2021.19,NA,NA,NA,NA,NA
DELA,DELA_008,distributed,woodyWetlands,25.3,2021-05-06T17:00:00Z,DELA.2021.19,NA,NA,NA,NA,NA
DELA,DELA_005,distributed,woodyWetlands,26.8,2021-05-06T17:00:00Z,DELA.2021.19,NA,NA,NA,NA,NA
DELA,DELA_014,distributed,evergreenForest,32.4,2021-05-06T17:00:00Z,DELA.2021.19,NA,NA,NA,NA,NA
DELA,DELA_011,distributed,woodyWetlands,29.3,2021-05-06T17:00:00Z,DELA.2021.19,NA,NA,NA,NA,NA
DELA,DELA_004,distributed,woodyWetlands,24,2021-05-06T18:30:00Z,DELA.2021.19,NA,drag,NA,NA,NA
DELA,DELA_011,distributed,woodyWetlands,29.3,2021-05-26T14:26:00Z,DELA.2021.22,NA,drag,NA,NA,NA
DELA,DELA_014,distributed,evergreenForest,32.4,2021-05-26T14:58:00Z,DELA.2021.22,NA,drag,NA,NA,NA
DELA,DELA_005,distributed,woodyWetlands,26.8,2021-05-26T15:13:00Z,DELA.2021.22,NA,drag,NA,NA,NA
DELA,DELA_004,distributed,woodyWetlands,24,2021-05-26T15:55:00Z,DELA.2021.22,NA,drag,NA,NA,NA
DELA,DELA_008,distributed,woodyWetlands,25.3,2021-05-26T15:56:00Z,DELA.2021.22,NA,drag and flag,NA,NA,NA
DELA,DELA_001,distributed,woodyWetlands,24.6,2021-05-26T17:00:00Z,DELA.2021.22,NA,NA,NA,NA,NA
DELA,DELA_005,distributed,woodyWetlands,26.8,2021-06-14T17:00:00Z,DELA.2021.25,NA,NA,NA,NA,NA
DELA,DELA_001,distributed,woodyWetlands,24.6,2021-06-14T17:00:00Z,DELA.2021.25,NA,NA,NA,NA,NA
DELA,DELA_004,distributed,woodyWetlands,24,2021-06-14T17:00:00Z,DELA.2021.25,NA,NA,NA,NA,NA
DELA,DELA_011,distributed,woodyWetlands,29.3,2021-06-14T17:00:00Z,DELA.2021.25,NA,NA,NA,NA,NA
DELA,DELA_008,distributed,woodyWetlands,25.3,2021-06-14T17:00:00Z,DELA.2021.25,NA,NA,NA,NA,NA
DELA,DELA_014,distributed,evergreenForest,32.4,2021-06-14T17:00:00Z,DELA.2021.25,NA,NA,NA,NA,NA
DELA,DELA_011,distributed,woodyWetlands,29.3,2021-07-08T13:53:00Z,DELA.2021.28,NA,drag,NA,NA,NA
DELA,DELA_005,distributed,woodyWetlands,26.8,2021-07-08T14:40:00Z,DELA.2021.28,NA,drag,NA,NA,NA
DELA,DELA_014,distributed,evergreenForest,32.4,2021-07-08T15:37:00Z,DELA.2021.28,NA,drag,NA,NA,NA
DELA,DELA_008,distributed,woodyWetlands,25.3,2021-07-08T16:29:00Z,DELA.2021.28,NA,drag and flag,NA,NA,NA
DELA,DELA_001,distributed,woodyWetlands,24.6,2021-07-08T17:00:00Z,DELA.2021.28,NA,NA,NA,NA,NA
DELA,DELA_004,distributed,woodyWetlands,24,2021-07-08T22:10:00Z,DELA.2021.28,NA,drag,NA,NA,NA
DELA,DELA_004,distributed,woodyWetlands,24,2021-07-28T14:30:00Z,DELA.2021.31,NA,drag and flag,NA,NA,NA
DELA,DELA_001,distributed,woodyWetlands,24.6,2021-07-28T14:35:00Z,DELA.2021.31,NA,drag and flag,NA,NA,NA
DELA,DELA_005,distributed,woodyWetlands,26.8,2021-07-28T15:13:00Z,DELA.2021.31,NA,drag and flag,NA,NA,NA
DELA,DELA_014,distributed,evergreenForest,32.4,2021-07-28T15:45:00Z,DELA.2021.31,NA,drag,NA,NA,NA
DELA,DELA_011,distributed,woodyWetlands,29.3,2021-07-28T15:50:00Z,DELA.2021.31,NA,drag and flag,NA,NA,NA
DELA,DELA_008,distributed,woodyWetlands,25.3,2021-07-28T16:44:00Z,DELA.2021.31,NA,drag and flag,NA,NA,NA
DELA,DELA_014,distributed,evergreenForest,32.4,2021-08-18T14:50:00Z,DELA.2021.34,NA,drag and flag,NA,NA,NA
DELA,DELA_011,distributed,woodyWetlands,29.3,2021-08-18T15:06:00Z,DELA.2021.34,NA,drag and flag,NA,NA,NA
DELA,DELA_004,distributed,woodyWetlands,24,2021-08-18T15:39:00Z,DELA.2021.34,NA,drag and flag,NA,NA,NA
DELA,DELA_005,distributed,woodyWetlands,26.8,2021-08-18T15:50:00Z,DELA.2021.34,NA,drag and flag,NA,NA,NA
DELA,DELA_008,distributed,woodyWetlands,25.3,2021-08-18T16:19:00Z,DELA.2021.34,NA,drag and flag,NA,NA,NA
DELA,DELA_001,distributed,woodyWetlands,24.6,2021-08-18T17:09:00Z,DELA.2021.34,NA,drag,NA,NA,NA
DELA,DELA_014,distributed,evergreenForest,32.4,2021-09-10T13:56:00Z,DELA.2021.37,NA,drag,NA,NA,NA
DELA,DELA_011,distributed,woodyWetlands,29.3,2021-09-10T14:08:00Z,DELA.2021.37,NA,drag,NA,NA,NA
DELA,DELA_008,distributed,woodyWetlands,25.3,2021-09-10T14:42:00Z,DELA.2021.37,NA,drag and flag,NA,NA,NA
DELA,DELA_005,distributed,woodyWetlands,26.8,2021-09-10T14:57:00Z,DELA.2021.37,NA,drag,NA,NA,NA
DELA,DELA_004,distributed,woodyWetlands,24,2021-09-10T15:33:00Z,DELA.2021.37,NA,drag,NA,NA,NA
DELA,DELA_001,distributed,woodyWetlands,24.6,2021-09-10T15:43:00Z,DELA.2021.37,NA,drag,NA,NA,NA
DELA,DELA_008,distributed,woodyWetlands,25.3,2022-03-03T18:00:00Z,DELA.2022.10,NA,NA,NA,NA,NA
DELA,DELA_014,distributed,evergreenForest,32.4,2022-03-03T18:00:00Z,DELA.2022.10,NA,NA,NA,NA,NA
DELA,DELA_004,distributed,woodyWetlands,24,2022-03-03T18:00:00Z,DELA.2022.10,NA,NA,NA,NA,NA
DELA,DELA_011,distributed,woodyWetlands,29.3,2022-03-03T18:00:00Z,DELA.2022.10,NA,NA,NA,NA,NA
DELA,DELA_001,distributed,woodyWetlands,24.6,2022-03-03T18:00:00Z,DELA.2022.10,NA,NA,NA,NA,NA
DELA,DELA_005,distributed,woodyWetlands,26.8,2022-03-03T18:00:00Z,DELA.2022.10,NA,NA,NA,NA,NA
DELA,DELA_008,distributed,woodyWetlands,25.3,2022-03-21T17:00:00Z,DELA.2022.12,NA,NA,NA,NA,NA
DELA,DELA_014,distributed,evergreenForest,32.4,2022-03-21T17:00:00Z,DELA.2022.12,NA,NA,NA,NA,NA
DELA,DELA_004,distributed,woodyWetlands,24,2022-03-21T17:00:00Z,DELA.2022.12,NA,NA,NA,NA,NA
DELA,DELA_005,distributed,woodyWetlands,26.8,2022-03-21T17:00:00Z,DELA.2022.12,NA,NA,NA,NA,NA
DELA,DELA_001,distributed,woodyWetlands,24.6,2022-03-21T17:00:00Z,DELA.2022.12,NA,NA,NA,NA,NA
DELA,DELA_011,distributed,woodyWetlands,29.3,2022-03-21T17:00:00Z,DELA.2022.12,NA,NA,NA,NA,NA
DELA,DELA_011,distributed,woodyWetlands,29.3,2022-04-13T13:00:00Z,DELA.2022.15,NA,drag,NA,NA,NA
DELA,DELA_005,distributed,woodyWetlands,26.8,2022-04-13T13:47:00Z,DELA.2022.15,NA,drag and flag,NA,NA,NA
DELA,DELA_014,distributed,evergreenForest,32.4,2022-04-13T14:52:00Z,DELA.2022.15,NA,drag,NA,NA,NA
DELA,DELA_004,distributed,woodyWetlands,24,2022-04-13T15:34:00Z,DELA.2022.15,NA,drag,NA,NA,NA
DELA,DELA_008,distributed,woodyWetlands,25.3,2022-04-13T16:28:00Z,DELA.2022.15,NA,drag and flag,NA,NA,NA
DELA,DELA_001,distributed,woodyWetlands,24.6,2022-04-13T17:00:00Z,DELA.2022.15,NA,NA,NA,NA,NA
DELA,DELA_014,distributed,evergreenForest,32.4,2022-05-02T16:38:00Z,DELA.2022.18,NA,drag and flag,NA,NA,NA
DELA,DELA_008,distributed,woodyWetlands,25.3,2022-05-02T17:00:00Z,DELA.2022.18,NA,NA,NA,NA,NA
DELA,DELA_001,distributed,woodyWetlands,24.6,2022-05-02T17:00:00Z,DELA.2022.18,NA,NA,NA,NA,NA
DELA,DELA_004,distributed,woodyWetlands,24,2022-05-02T17:21:00Z,DELA.2022.18,NA,drag,NA,NA,NA
DELA,DELA_011,distributed,woodyWetlands,29.3,2022-05-02T19:12:00Z,DELA.2022.18,NA,drag and flag,NA,NA,NA
DELA,DELA_005,distributed,woodyWetlands,26.8,2022-05-02T19:55:00Z,DELA.2022.18,NA,drag and flag,NA,NA,NA
DELA,DELA_005,distributed,woodyWetlands,26.8,2022-05-26T17:00:00Z,DELA.2022.21,NA,NA,NA,NA,NA
DELA,DELA_011,distributed,woodyWetlands,29.3,2022-05-26T17:00:00Z,DELA.2022.21,NA,NA,NA,NA,NA
DELA,DELA_001,distributed,woodyWetlands,24.6,2022-05-26T17:00:00Z,DELA.2022.21,NA,NA,NA,NA,NA
DELA,DELA_014,distributed,evergreenForest,32.4,2022-05-26T17:00:00Z,DELA.2022.21,NA,NA,NA,NA,NA
DELA,DELA_004,distributed,woodyWetlands,24,2022-05-26T17:00:00Z,DELA.2022.21,NA,NA,NA,NA,NA
DELA,DELA_008,distributed,woodyWetlands,25.3,2022-05-26T17:00:00Z,DELA.2022.21,NA,NA,NA,NA,NA
DELA,DELA_011,distributed,woodyWetlands,29.3,2022-06-13T14:58:00Z,DELA.2022.24,NA,drag,NA,NA,NA
DELA,DELA_005,distributed,woodyWetlands,26.8,2022-06-13T15:39:00Z,DELA.2022.24,NA,drag and flag,NA,NA,NA
DELA,DELA_008,distributed,woodyWetlands,25.3,2022-06-13T16:34:00Z,DELA.2022.24,NA,drag and flag,NA,NA,NA
DELA,DELA_001,distributed,woodyWetlands,24.6,2022-06-13T17:26:00Z,DELA.2022.24,NA,drag,NA,NA,NA
DELA,DELA_004,distributed,woodyWetlands,24,2022-06-13T22:13:00Z,DELA.2022.24,NA,drag and flag,NA,NA,NA
DELA,DELA_014,distributed,evergreenForest,32.4,2022-06-13T23:08:00Z,DELA.2022.24,NA,drag and flag,NA,NA,NA
DELA,DELA_001,distributed,woodyWetlands,24.6,2022-06-30T15:47:00Z,DELA.2022.26,NA,drag,NA,NA,NA
DELA,DELA_004,distributed,woodyWetlands,24,2022-06-30T16:37:00Z,DELA.2022.26,NA,drag,NA,NA,NA
DELA,DELA_014,distributed,evergreenForest,32.4,2022-06-30T17:40:00Z,DELA.2022.26,NA,drag,NA,NA,NA
DELA,DELA_005,distributed,woodyWetlands,26.8,2022-06-30T18:37:00Z,DELA.2022.26,NA,drag and flag,NA,NA,NA
DELA,DELA_011,distributed,woodyWetlands,29.3,2022-06-30T19:20:00Z,DELA.2022.26,NA,drag and flag,NA,NA,NA
DELA,DELA_008,distributed,woodyWetlands,25.3,2022-06-30T20:10:00Z,DELA.2022.26,NA,drag and flag,NA,NA,NA
DELA,DELA_008,distributed,woodyWetlands,25.3,2022-07-21T14:28:00Z,DELA.2022.29,NA,drag and flag,NA,NA,NA
DELA,DELA_011,distributed,woodyWetlands,29.3,2022-07-21T14:45:00Z,DELA.2022.29,DELA_011.20220721,drag,NA,NA,NA
DELA,DELA_004,distributed,woodyWetlands,24,2022-07-21T15:18:00Z,DELA.2022.29,NA,drag and flag,NA,NA,NA
DELA,DELA_005,distributed,woodyWetlands,26.8,2022-07-21T15:27:00Z,DELA.2022.29,NA,drag,NA,NA,NA
DELA,DELA_001,distributed,woodyWetlands,24.6,2022-07-21T16:11:00Z,DELA.2022.29,NA,drag and flag,NA,NA,NA
DELA,DELA_014,distributed,evergreenForest,32.4,2022-07-21T16:30:00Z,DELA.2022.29,NA,drag,NA,NA,NA
DELA,DELA_004,distributed,woodyWetlands,24,2022-08-15T14:40:00Z,DELA.2022.33,NA,drag,NA,NA,NA
DELA,DELA_014,distributed,evergreenForest,32.4,2022-08-15T15:20:00Z,DELA.2022.33,NA,drag,NA,NA,NA
DELA,DELA_008,distributed,woodyWetlands,25.3,2022-08-15T15:20:00Z,DELA.2022.33,NA,drag and flag,NA,NA,NA
DELA,DELA_001,distributed,woodyWetlands,24.6,2022-08-15T16:14:00Z,DELA.2022.33,NA,drag and flag,NA,NA,NA
DELA,DELA_011,distributed,woodyWetlands,29.3,2022-08-15T16:25:00Z,DELA.2022.33,NA,drag and flag,NA,NA,NA
DELA,DELA_005,distributed,woodyWetlands,26.8,2022-08-15T17:08:00Z,DELA.2022.33,NA,drag and flag,NA,NA,NA
DELA,DELA_001,distributed,woodyWetlands,24.6,2022-09-07T14:53:00Z,DELA.2022.36,NA,drag and flag,NA,NA,NA
DELA,DELA_004,distributed,woodyWetlands,24,2022-09-07T15:30:00Z,DELA.2022.36,NA,drag,NA,NA,NA
DELA,DELA_011,distributed,woodyWetlands,29.3,2022-09-07T16:09:00Z,DELA.2022.36,NA,drag,NA,NA,NA
DELA,DELA_005,distributed,woodyWetlands,26.8,2022-09-07T16:46:00Z,DELA.2022.36,NA,drag and flag,NA,NA,NA
DELA,DELA_014,distributed,evergreenForest,32.4,2022-09-07T17:00:00Z,DELA.2022.36,NA,NA,NA,NA,NA
DELA,DELA_008,distributed,woodyWetlands,25.3,2022-09-07T17:00:00Z,DELA.2022.36,NA,NA,NA,NA,NA
DELA,DELA_008,distributed,woodyWetlands,25.3,2023-03-01T15:51:00Z,DELA.2023.9,NA,drag,NA,NA,NA
DELA,DELA_014,distributed,evergreenForest,32.4,2023-03-01T16:51:00Z,DELA.2023.9,NA,drag,NA,NA,NA
DELA,DELA_004,distributed,woodyWetlands,24,2023-03-01T17:42:00Z,DELA.2023.9,NA,drag,NA,NA,NA
DELA,DELA_001,distributed,woodyWetlands,24.6,2023-03-01T18:00:00Z,DELA.2023.9,NA,NA,NA,NA,NA
DELA,DELA_011,distributed,woodyWetlands,29.3,2023-03-01T18:43:00Z,DELA.2023.9,NA,drag,NA,NA,NA
DELA,DELA_005,distributed,woodyWetlands,26.8,2023-03-01T19:22:00Z,DELA.2023.9,NA,drag,NA,NA,NA
DELA,DELA_001,distributed,woodyWetlands,24.6,2023-03-20T17:00:00Z,DELA.2023.12,NA,NA,NA,NA,NA
DELA,DELA_008,distributed,woodyWetlands,25.3,2023-03-20T18:45:00Z,DELA.2023.12,NA,drag,NA,NA,NA
DELA,DELA_004,distributed,woodyWetlands,24,2023-03-20T19:27:00Z,DELA.2023.12,NA,drag,NA,NA,NA
DELA,DELA_011,distributed,woodyWetlands,29.3,2023-03-20T20:10:00Z,DELA.2023.12,NA,drag,NA,NA,NA
DELA,DELA_005,distributed,woodyWetlands,26.8,2023-03-20T20:50:00Z,DELA.2023.12,NA,drag and flag,NA,NA,NA
DELA,DELA_014,distributed,evergreenForest,32.4,2023-03-20T21:42:00Z,DELA.2023.12,NA,drag,NA,NA,NA
DELA,DELA_004,distributed,woodyWetlands,24,2023-04-10T17:00:00Z,DELA.2023.15,NA,NA,NA,NA,NA
DELA,DELA_005,distributed,woodyWetlands,26.8,2023-04-10T17:00:00Z,DELA.2023.15,NA,NA,NA,NA,NA
DELA,DELA_014,distributed,evergreenForest,32.4,2023-04-10T17:00:00Z,DELA.2023.15,NA,NA,NA,NA,NA
DELA,DELA_001,distributed,woodyWetlands,24.6,2023-04-10T17:00:00Z,DELA.2023.15,NA,NA,NA,NA,NA
DELA,DELA_011,distributed,woodyWetlands,29.3,2023-04-10T17:00:00Z,DELA.2023.15,NA,NA,NA,NA,NA
DELA,DELA_008,distributed,woodyWetlands,25.3,2023-04-10T17:00:00Z,DELA.2023.15,NA,NA,NA,NA,NA
DELA,DELA_001,distributed,woodyWetlands,24.6,2023-05-01T17:40:00Z,DELA.2023.18,NA,drag and flag,NA,NA,NA
DELA,DELA_011,distributed,woodyWetlands,29.3,2023-05-01T17:42:00Z,DELA.2023.18,DELA_011.20230501,drag,NA,NA,NA
DELA,DELA_005,distributed,woodyWetlands,26.8,2023-05-01T18:35:00Z,DELA.2023.18,NA,drag and flag,NA,NA,NA
DELA,DELA_008,distributed,woodyWetlands,25.3,2023-05-01T18:45:00Z,DELA.2023.18,NA,drag and flag,NA,NA,NA
DELA,DELA_004,distributed,woodyWetlands,24,2023-05-01T19:18:00Z,DELA.2023.18,NA,drag,NA,NA,NA
DELA,DELA_014,distributed,evergreenForest,32.4,2023-05-01T19:58:00Z,DELA.2023.18,NA,drag and flag,NA,NA,NA
DELA,DELA_008,distributed,woodyWetlands,25.3,2023-05-22T13:36:00Z,DELA.2023.21,NA,drag and flag,NA,NA,NA
DELA,DELA_011,distributed,woodyWetlands,29.3,2023-05-22T13:53:00Z,DELA.2023.21,NA,drag and flag,NA,NA,NA
DELA,DELA_004,distributed,woodyWetlands,24,2023-05-22T14:25:00Z,DELA.2023.21,NA,drag,NA,NA,NA
DELA,DELA_014,distributed,evergreenForest,32.4,2023-05-22T14:44:00Z,DELA.2023.21,NA,drag and flag,NA,NA,NA
DELA,DELA_005,distributed,woodyWetlands,26.8,2023-05-22T15:08:00Z,DELA.2023.21,DELA_005.20230522,drag and flag,NA,NA,NA
DELA,DELA_001,distributed,woodyWetlands,24.6,2023-05-22T15:37:00Z,DELA.2023.21,NA,drag and flag,NA,NA,NA
DELA,DELA_004,distributed,woodyWetlands,24,2023-06-12T14:47:00Z,DELA.2023.24,NA,drag and flag,NA,NA,NA
DELA,DELA_014,distributed,evergreenForest,32.4,2023-06-12T15:14:00Z,DELA.2023.24,NA,drag,NA,NA,NA
DELA,DELA_005,distributed,woodyWetlands,26.8,2023-06-12T16:04:00Z,DELA.2023.24,NA,flag,NA,NA,NA
DELA,DELA_011,distributed,woodyWetlands,29.3,2023-06-12T16:35:00Z,DELA.2023.24,NA,drag,NA,NA,NA
DELA,DELA_008,distributed,woodyWetlands,25.3,2023-06-12T17:00:00Z,DELA.2023.24,NA,NA,NA,NA,NA
DELA,DELA_001,distributed,woodyWetlands,24.6,2023-06-12T17:00:00Z,DELA.2023.24,NA,NA,NA,NA,NA
DELA,DELA_001,distributed,woodyWetlands,24.6,2023-08-14T13:43:00Z,DELA.2023.33,DELA_001.20230814,drag and flag,NA,NA,NA
DELA,DELA_014,distributed,evergreenForest,32.4,2023-08-14T14:11:00Z,DELA.2023.33,DELA_014.20230814,drag,NA,NA,NA
DELA,DELA_008,distributed,woodyWetlands,25.3,2023-08-14T14:40:00Z,DELA.2023.33,NA,drag and flag,NA,NA,NA
DELA,DELA_011,distributed,woodyWetlands,29.3,2023-08-14T15:14:00Z,DELA.2023.33,DELA_011.20230814,drag and flag,NA,NA,NA
DELA,DELA_004,distributed,woodyWetlands,24,2023-08-14T15:36:00Z,DELA.2023.33,NA,drag and flag,NA,NA,NA
DELA,DELA_005,distributed,woodyWetlands,26.8,2023-08-14T16:13:00Z,DELA.2023.33,NA,drag and flag,NA,NA,NA
DELA,DELA_014,distributed,evergreenForest,32.4,2023-07-03T15:07:00Z,DELA.2023.27,NA,drag,NA,NA,NA
DELA,DELA_004,distributed,woodyWetlands,24,2023-07-03T15:57:00Z,DELA.2023.27,NA,drag and flag,NA,NA,NA
DELA,DELA_005,distributed,woodyWetlands,26.8,2023-07-03T16:48:00Z,DELA.2023.27,NA,drag and flag,NA,NA,NA
DELA,DELA_011,distributed,woodyWetlands,29.3,2023-07-03T17:00:00Z,DELA.2023.27,NA,NA,NA,NA,NA
DELA,DELA_008,distributed,woodyWetlands,25.3,2023-07-03T17:00:00Z,DELA.2023.27,NA,NA,NA,NA,NA
DELA,DELA_001,distributed,woodyWetlands,24.6,2023-07-03T17:00:00Z,DELA.2023.27,NA,NA,NA,NA,NA
DELA,DELA_008,distributed,woodyWetlands,25.3,2023-07-24T13:30:00Z,DELA.2023.30,NA,drag and flag,NA,NA,NA
DELA,DELA_011,distributed,woodyWetlands,29.3,2023-07-24T13:58:00Z,DELA.2023.30,NA,drag and flag,NA,NA,NA
DELA,DELA_004,distributed,woodyWetlands,24,2023-07-24T14:26:00Z,DELA.2023.30,DELA_004.20230724,drag,NA,NA,NA
DELA,DELA_014,distributed,evergreenForest,32.4,2023-07-24T14:58:00Z,DELA.2023.30,NA,drag,NA,NA,NA
DELA,DELA_005,distributed,woodyWetlands,26.8,2023-07-24T15:14:00Z,DELA.2023.30,DELA_005.20230724,drag and flag,NA,NA,NA
DELA,DELA_001,distributed,woodyWetlands,24.6,2023-07-24T17:00:00Z,DELA.2023.30,NA,NA,NA,NA,NA
DELA,DELA_008,distributed,woodyWetlands,25.3,2023-09-05T17:00:00Z,DELA.2023.36,NA,NA,NA,NA,NA
DELA,DELA_005,distributed,woodyWetlands,26.8,2023-09-05T17:00:00Z,DELA.2023.36,NA,NA,NA,NA,NA
DELA,DELA_014,distributed,evergreenForest,32.4,2023-09-05T17:00:00Z,DELA.2023.36,NA,NA,NA,NA,NA
DELA,DELA_004,distributed,woodyWetlands,24,2023-09-05T17:00:00Z,DELA.2023.36,NA,NA,NA,NA,NA
DELA,DELA_011,distributed,woodyWetlands,29.3,2023-09-05T17:00:00Z,DELA.2023.36,NA,NA,NA,NA,NA
DELA,DELA_001,distributed,woodyWetlands,24.6,2023-09-05T17:00:00Z,DELA.2023.36,NA,NA,NA,NA,NA
